credit_id,plant_id,credit_month,tco2e_avoided,price_per_tco2e_inr
1,1,2025-09,323.2,786.0
2,1,2025-10,270.5,697.0
3,1,2025-11,289.1,672.0
4,1,2025-12,320.7,725.0
5,1,2026-01,288.2,874.0
6,1,2026-02,323.2,743.0
7,1,2026-03,308.7,781.0
8,1,2026-04,263.8,864.0
9,1,2026-05,256.2,766.0
10,1,2026-06,256.6,899.0
11,1,2026-07,298.5,755.0
12,1,2026-08,299.1,737.0
13,2,2025-09,196.3,833.0
14,2,2025-10,235.4,685.0
15,2,2025-11,200.5,659.0
16,2,2025-12,235.3,683.0
17,2,2026-01,229.9,685.0
18,2,2026-02,203.3,709.0
19,2,2026-03,194.6,892.0
20,2,2026-04,237.5,669.0
21,2,2026-05,189.4,871.0
22,2,2026-06,224.7,754.0
23,2,2026-07,197.7,807.0
24,2,2026-08,190.0,830.0
25,3,2025-09,382.9,899.0
26,3,2025-10,351.1,860.0
27,3,2025-11,391.5,819.0
28,3,2025-12,350.8,829.0
29,3,2026-01,352.4,761.0
30,3,2026-02,393.1,897.0
31,3,2026-03,378.9,839.0
32,3,2026-04,365.3,766.0
33,3,2026-05,352.5,773.0
34,3,2026-06,365.9,867.0
35,3,2026-07,356.5,823.0
36,3,2026-08,321.9,698.0
