cost_id,plant_id,cost_month,cost_type,cost_head,amount_inr
1,1,2025-09,OPEX,Feedstock Procurement,1558252.0
2,1,2025-09,OPEX,Labour,521400.0
3,1,2025-09,OPEX,Power & Utilities,518596.0
4,1,2025-09,OPEX,Maintenance & Spares,514767.0
5,1,2025-09,OPEX,Lab & Compliance,149127.0
6,1,2025-09,OPEX,Admin,163594.0
7,1,2025-09,CAPEX,SCADA Upgrade,1710597.0
8,1,2025-10,OPEX,Feedstock Procurement,1558197.0
9,1,2025-10,OPEX,Labour,512604.0
10,1,2025-10,OPEX,Power & Utilities,482859.0
11,1,2025-10,OPEX,Maintenance & Spares,461488.0
12,1,2025-10,OPEX,Lab & Compliance,151754.0
13,1,2025-10,OPEX,Admin,153045.0
14,1,2025-11,OPEX,Feedstock Procurement,1606061.0
15,1,2025-11,OPEX,Labour,517103.0
16,1,2025-11,OPEX,Power & Utilities,532613.0
17,1,2025-11,OPEX,Maintenance & Spares,484994.0
18,1,2025-11,OPEX,Lab & Compliance,180235.0
19,1,2025-11,OPEX,Admin,181351.0
20,1,2025-12,OPEX,Feedstock Procurement,1436539.0
21,1,2025-12,OPEX,Labour,475282.0
22,1,2025-12,OPEX,Power & Utilities,490047.0
23,1,2025-12,OPEX,Maintenance & Spares,483951.0
24,1,2025-12,OPEX,Lab & Compliance,161660.0
25,1,2025-12,OPEX,Admin,160980.0
26,1,2026-01,OPEX,Feedstock Procurement,1410597.0
27,1,2026-01,OPEX,Labour,522614.0
28,1,2026-01,OPEX,Power & Utilities,525803.0
29,1,2026-01,OPEX,Maintenance & Spares,474336.0
30,1,2026-01,OPEX,Lab & Compliance,159638.0
31,1,2026-01,OPEX,Admin,164768.0
32,1,2026-02,OPEX,Feedstock Procurement,1477863.0
33,1,2026-02,OPEX,Labour,476889.0
34,1,2026-02,OPEX,Power & Utilities,541806.0
35,1,2026-02,OPEX,Maintenance & Spares,491325.0
36,1,2026-02,OPEX,Lab & Compliance,172434.0
37,1,2026-02,OPEX,Admin,161719.0
38,1,2026-02,CAPEX,Digester Lining,2255932.0
39,1,2026-03,OPEX,Feedstock Procurement,1624047.0
40,1,2026-03,OPEX,Labour,528719.0
41,1,2026-03,OPEX,Power & Utilities,532347.0
42,1,2026-03,OPEX,Maintenance & Spares,534265.0
43,1,2026-03,OPEX,Lab & Compliance,176362.0
44,1,2026-03,OPEX,Admin,174154.0
45,1,2026-04,OPEX,Feedstock Procurement,1434683.0
46,1,2026-04,OPEX,Labour,521691.0
47,1,2026-04,OPEX,Power & Utilities,458699.0
48,1,2026-04,OPEX,Maintenance & Spares,514768.0
49,1,2026-04,OPEX,Lab & Compliance,173522.0
50,1,2026-04,OPEX,Admin,155246.0
51,1,2026-05,OPEX,Feedstock Procurement,1480672.0
52,1,2026-05,OPEX,Labour,496368.0
53,1,2026-05,OPEX,Power & Utilities,478861.0
54,1,2026-05,OPEX,Maintenance & Spares,510336.0
55,1,2026-05,OPEX,Lab & Compliance,158511.0
56,1,2026-05,OPEX,Admin,148537.0
57,1,2026-05,CAPEX,Gas Holder Membrane,2261755.0
58,1,2026-06,OPEX,Feedstock Procurement,1613080.0
59,1,2026-06,OPEX,Labour,510504.0
60,1,2026-06,OPEX,Power & Utilities,545433.0
61,1,2026-06,OPEX,Maintenance & Spares,539564.0
62,1,2026-06,OPEX,Lab & Compliance,175217.0
63,1,2026-06,OPEX,Admin,160459.0
64,1,2026-07,OPEX,Feedstock Procurement,1488556.0
65,1,2026-07,OPEX,Labour,569923.0
66,1,2026-07,OPEX,Power & Utilities,493006.0
67,1,2026-07,OPEX,Maintenance & Spares,525164.0
68,1,2026-07,OPEX,Lab & Compliance,185290.0
69,1,2026-07,OPEX,Admin,185201.0
70,1,2026-08,OPEX,Feedstock Procurement,1587268.0
71,1,2026-08,OPEX,Labour,571118.0
72,1,2026-08,OPEX,Power & Utilities,574323.0
73,1,2026-08,OPEX,Maintenance & Spares,528500.0
74,1,2026-08,OPEX,Lab & Compliance,184998.0
75,1,2026-08,OPEX,Admin,184396.0
76,2,2025-09,OPEX,Feedstock Procurement,1036838.0
77,2,2025-09,OPEX,Labour,321923.0
78,2,2025-09,OPEX,Power & Utilities,335424.0
79,2,2025-09,OPEX,Maintenance & Spares,334045.0
80,2,2025-09,OPEX,Lab & Compliance,121013.0
81,2,2025-09,OPEX,Admin,115350.0
82,2,2025-10,OPEX,Feedstock Procurement,1178280.0
83,2,2025-10,OPEX,Labour,386179.0
84,2,2025-10,OPEX,Power & Utilities,382811.0
85,2,2025-10,OPEX,Maintenance & Spares,398375.0
86,2,2025-10,OPEX,Lab & Compliance,124871.0
87,2,2025-10,OPEX,Admin,133950.0
88,2,2025-11,OPEX,Feedstock Procurement,1061104.0
89,2,2025-11,OPEX,Labour,390353.0
90,2,2025-11,OPEX,Power & Utilities,342715.0
91,2,2025-11,OPEX,Maintenance & Spares,342653.0
92,2,2025-11,OPEX,Lab & Compliance,113105.0
93,2,2025-11,OPEX,Admin,122683.0
94,2,2025-11,CAPEX,Gas Holder Membrane,3261441.0
95,2,2025-12,OPEX,Feedstock Procurement,1100595.0
96,2,2025-12,OPEX,Labour,347301.0
97,2,2025-12,OPEX,Power & Utilities,353608.0
98,2,2025-12,OPEX,Maintenance & Spares,325708.0
99,2,2025-12,OPEX,Lab & Compliance,113058.0
100,2,2025-12,OPEX,Admin,122241.0
101,2,2026-01,OPEX,Feedstock Procurement,1022118.0
102,2,2026-01,OPEX,Labour,356650.0
103,2,2026-01,OPEX,Power & Utilities,336042.0
104,2,2026-01,OPEX,Maintenance & Spares,349359.0
105,2,2026-01,OPEX,Lab & Compliance,130553.0
106,2,2026-01,OPEX,Admin,130900.0
107,2,2026-02,OPEX,Feedstock Procurement,1021422.0
108,2,2026-02,OPEX,Labour,340445.0
109,2,2026-02,OPEX,Power & Utilities,356960.0
110,2,2026-02,OPEX,Maintenance & Spares,317826.0
111,2,2026-02,OPEX,Lab & Compliance,116468.0
112,2,2026-02,OPEX,Admin,120190.0
113,2,2026-02,CAPEX,Gas Holder Membrane,1541600.0
114,2,2026-03,OPEX,Feedstock Procurement,1137713.0
115,2,2026-03,OPEX,Labour,395790.0
116,2,2026-03,OPEX,Power & Utilities,371385.0
117,2,2026-03,OPEX,Maintenance & Spares,403441.0
118,2,2026-03,OPEX,Lab & Compliance,133747.0
119,2,2026-03,OPEX,Admin,116772.0
120,2,2026-04,OPEX,Feedstock Procurement,1085151.0
121,2,2026-04,OPEX,Labour,389846.0
122,2,2026-04,OPEX,Power & Utilities,380041.0
123,2,2026-04,OPEX,Maintenance & Spares,379532.0
124,2,2026-04,OPEX,Lab & Compliance,122637.0
125,2,2026-04,OPEX,Admin,122675.0
126,2,2026-05,OPEX,Feedstock Procurement,1111269.0
127,2,2026-05,OPEX,Labour,329110.0
128,2,2026-05,OPEX,Power & Utilities,339190.0
129,2,2026-05,OPEX,Maintenance & Spares,361858.0
130,2,2026-05,OPEX,Lab & Compliance,111947.0
131,2,2026-05,OPEX,Admin,120168.0
132,2,2026-06,OPEX,Feedstock Procurement,1032286.0
133,2,2026-06,OPEX,Labour,360469.0
134,2,2026-06,OPEX,Power & Utilities,347019.0
135,2,2026-06,OPEX,Maintenance & Spares,339506.0
136,2,2026-06,OPEX,Lab & Compliance,113305.0
137,2,2026-06,OPEX,Admin,121834.0
138,2,2026-07,OPEX,Feedstock Procurement,987147.0
139,2,2026-07,OPEX,Labour,360582.0
140,2,2026-07,OPEX,Power & Utilities,349571.0
141,2,2026-07,OPEX,Maintenance & Spares,355843.0
142,2,2026-07,OPEX,Lab & Compliance,119671.0
143,2,2026-07,OPEX,Admin,115249.0
144,2,2026-07,CAPEX,Digester Lining,2635157.0
145,2,2026-08,OPEX,Feedstock Procurement,992873.0
146,2,2026-08,OPEX,Labour,303927.0
147,2,2026-08,OPEX,Power & Utilities,314520.0
148,2,2026-08,OPEX,Maintenance & Spares,310425.0
149,2,2026-08,OPEX,Lab & Compliance,117054.0
150,2,2026-08,OPEX,Admin,110792.0
151,3,2025-09,OPEX,Feedstock Procurement,1809819.0
152,3,2025-09,OPEX,Labour,565210.0
153,3,2025-09,OPEX,Power & Utilities,561732.0
154,3,2025-09,OPEX,Maintenance & Spares,574285.0
155,3,2025-09,OPEX,Lab & Compliance,180905.0
156,3,2025-09,OPEX,Admin,198871.0
157,3,2025-10,OPEX,Feedstock Procurement,1980686.0
158,3,2025-10,OPEX,Labour,653068.0
159,3,2025-10,OPEX,Power & Utilities,672599.0
160,3,2025-10,OPEX,Maintenance & Spares,613768.0
161,3,2025-10,OPEX,Lab & Compliance,196983.0
162,3,2025-10,OPEX,Admin,209304.0
163,3,2025-10,CAPEX,Compressor Overhaul,1785863.0
164,3,2025-11,OPEX,Feedstock Procurement,1683213.0
165,3,2025-11,OPEX,Labour,557475.0
166,3,2025-11,OPEX,Power & Utilities,613777.0
167,3,2025-11,OPEX,Maintenance & Spares,608218.0
168,3,2025-11,OPEX,Lab & Compliance,191174.0
169,3,2025-11,OPEX,Admin,214015.0
170,3,2025-11,CAPEX,Compressor Overhaul,1067487.0
171,3,2025-12,OPEX,Feedstock Procurement,2160703.0
172,3,2025-12,OPEX,Labour,657974.0
173,3,2025-12,OPEX,Power & Utilities,668258.0
174,3,2025-12,OPEX,Maintenance & Spares,680327.0
175,3,2025-12,OPEX,Lab & Compliance,223506.0
176,3,2025-12,OPEX,Admin,207246.0
177,3,2026-01,OPEX,Feedstock Procurement,1760519.0
178,3,2026-01,OPEX,Labour,551079.0
179,3,2026-01,OPEX,Power & Utilities,582900.0
180,3,2026-01,OPEX,Maintenance & Spares,579377.0
181,3,2026-01,OPEX,Lab & Compliance,197509.0
182,3,2026-01,OPEX,Admin,201189.0
183,3,2026-01,CAPEX,Gas Holder Membrane,3172889.0
184,3,2026-02,OPEX,Feedstock Procurement,1747853.0
185,3,2026-02,OPEX,Labour,597882.0
186,3,2026-02,OPEX,Power & Utilities,582672.0
187,3,2026-02,OPEX,Maintenance & Spares,554394.0
188,3,2026-02,OPEX,Lab & Compliance,197429.0
189,3,2026-02,OPEX,Admin,190307.0
190,3,2026-02,CAPEX,SCADA Upgrade,2318762.0
191,3,2026-03,OPEX,Feedstock Procurement,1768005.0
192,3,2026-03,OPEX,Labour,571420.0
193,3,2026-03,OPEX,Power & Utilities,512780.0
194,3,2026-03,OPEX,Maintenance & Spares,540974.0
195,3,2026-03,OPEX,Lab & Compliance,195108.0
196,3,2026-03,OPEX,Admin,180473.0
197,3,2026-04,OPEX,Feedstock Procurement,1591282.0
198,3,2026-04,OPEX,Labour,547920.0
199,3,2026-04,OPEX,Power & Utilities,563299.0
200,3,2026-04,OPEX,Maintenance & Spares,517580.0
201,3,2026-04,OPEX,Lab & Compliance,195879.0
202,3,2026-04,OPEX,Admin,196128.0
203,3,2026-05,OPEX,Feedstock Procurement,1501039.0
204,3,2026-05,OPEX,Labour,522981.0
205,3,2026-05,OPEX,Power & Utilities,583288.0
206,3,2026-05,OPEX,Maintenance & Spares,572696.0
207,3,2026-05,OPEX,Lab & Compliance,180412.0
208,3,2026-05,OPEX,Admin,185667.0
209,3,2026-06,OPEX,Feedstock Procurement,1821039.0
210,3,2026-06,OPEX,Labour,594316.0
211,3,2026-06,OPEX,Power & Utilities,610300.0
212,3,2026-06,OPEX,Maintenance & Spares,682914.0
213,3,2026-06,OPEX,Lab & Compliance,196329.0
214,3,2026-06,OPEX,Admin,219241.0
215,3,2026-07,OPEX,Feedstock Procurement,1867153.0
216,3,2026-07,OPEX,Labour,644197.0
217,3,2026-07,OPEX,Power & Utilities,586751.0
218,3,2026-07,OPEX,Maintenance & Spares,626032.0
219,3,2026-07,OPEX,Lab & Compliance,210768.0
220,3,2026-07,OPEX,Admin,219765.0
221,3,2026-07,CAPEX,Compressor Overhaul,1267639.0
222,3,2026-08,OPEX,Feedstock Procurement,1638495.0
223,3,2026-08,OPEX,Labour,575180.0
224,3,2026-08,OPEX,Power & Utilities,601071.0
225,3,2026-08,OPEX,Maintenance & Spares,631086.0
226,3,2026-08,OPEX,Lab & Compliance,181924.0
227,3,2026-08,OPEX,Admin,189546.0
