prod_id,plant_id,prod_date,feedstock_tons,biogas_nm3,methane_pct,cbg_kg,uptime_hours,power_kwh
1,1,2025-09-01,101.02,7639.9,55.33,2536.2,24.0,8259.6
2,1,2025-09-02,97.53,7184.1,54.74,2359.5,24.0,7721.7
3,1,2025-09-03,93.24,6989.2,55.55,2329.5,24.0,8174.8
4,1,2025-09-04,96.87,7900.5,55.05,2609.5,24.0,7641.7
5,1,2025-09-05,92.78,6557.8,56.69,2230.4,24.0,8429.1
6,1,2025-09-06,97.86,7461.1,55.94,2504.2,24.0,7279.2
7,1,2025-09-07,93.8,6458.6,56.15,2176.0,24.0,7621.0
8,1,2025-09-08,100.05,6893.8,56.02,2317.0,24.0,7319.2
9,1,2025-09-09,100.24,7620.4,54.88,2509.3,24.0,7822.3
10,1,2025-09-10,99.94,7734.6,54.25,2517.5,24.0,7421.7
11,1,2025-09-11,96.51,7606.1,56.6,2583.0,24.0,7478.4
12,1,2025-09-12,100.84,8279.9,55.61,2762.5,24.0,7980.9
13,1,2025-09-13,54.61,4512.4,57.09,1545.7,14.7,4845.0
14,1,2025-09-14,92.71,7053.3,56.33,2383.7,24.0,7438.2
15,1,2025-09-15,97.08,7836.2,56.29,2646.6,24.0,7337.6
16,1,2025-09-16,103.03,8382.3,53.07,2669.1,24.0,7535.3
17,1,2025-09-17,88.76,6446.5,55.65,2152.7,24.0,7676.7
18,1,2025-09-18,95.55,6217.5,55.41,2066.9,24.0,7854.2
19,1,2025-09-19,88.84,6413.8,53.89,2073.8,24.0,7450.8
20,1,2025-09-20,77.85,5533.2,54.75,1817.6,24.0,7519.2
21,1,2025-09-21,95.07,6317.1,54.46,2064.3,24.0,7933.2
22,1,2025-09-22,107.16,8054.5,54.39,2628.6,24.0,6735.2
23,1,2025-09-23,91.4,6844.5,53.37,2191.9,24.0,7190.3
24,1,2025-09-24,97.32,7745.9,56.57,2629.0,24.0,8437.6
25,1,2025-09-25,103.96,7452.4,54.42,2433.2,24.0,7692.5
26,1,2025-09-26,108.72,8063.4,55.06,2663.8,24.0,7946.7
27,1,2025-09-27,105.85,8346.8,56.34,2821.3,24.0,6769.8
28,1,2025-09-28,102.85,8250.5,55.68,2756.4,24.0,7609.1
29,1,2025-09-29,79.61,5332.9,56.82,1817.9,24.0,7419.1
30,1,2025-09-30,93.23,6534.6,54.45,2134.9,24.0,7373.2
31,1,2025-10-01,89.53,6816.0,55.23,2258.6,24.0,7709.1
32,1,2025-10-02,94.22,7037.0,54.89,2317.6,24.0,7559.0
33,1,2025-10-03,101.67,7714.9,54.03,2501.2,24.0,7654.2
34,1,2025-10-04,83.18,6076.1,56.16,2047.5,24.0,7362.3
35,1,2025-10-05,87.34,6626.1,56.46,2244.6,24.0,7975.0
36,1,2025-10-06,82.13,6594.3,56.65,2241.3,24.0,7855.0
37,1,2025-10-07,106.39,8298.3,55.18,2747.4,24.0,7515.5
38,1,2025-10-08,90.93,6763.4,55.54,2253.9,24.0,8046.7
39,1,2025-10-09,107.29,8491.1,55.34,2819.2,24.0,7551.5
40,1,2025-10-10,93.73,7009.5,56.67,2383.5,24.0,8013.2
41,1,2025-10-11,87.75,6860.4,56.71,2334.2,24.0,7096.3
42,1,2025-10-12,102.56,7699.0,56.88,2627.7,24.0,7398.8
43,1,2025-10-13,90.95,6125.7,55.37,2035.0,24.0,7161.5
44,1,2025-10-14,96.96,7588.1,56.83,2587.2,24.0,7891.0
45,1,2025-10-15,94.05,7192.8,52.34,2258.6,24.0,7797.4
46,1,2025-10-16,103.48,7976.4,55.27,2645.1,24.0,7570.9
47,1,2025-10-17,99.99,7111.5,56.45,2408.9,24.0,7512.3
48,1,2025-10-18,98.05,7403.6,54.15,2405.4,24.0,7291.8
49,1,2025-10-19,94.24,7767.4,54.63,2546.0,24.0,7940.2
50,1,2025-10-20,89.87,6346.9,57.54,2191.1,24.0,7316.2
51,1,2025-10-21,87.92,6203.8,56.21,2092.2,24.0,7942.8
52,1,2025-10-22,99.74,7822.2,55.82,2619.6,24.0,7792.9
53,1,2025-10-23,86.19,6668.9,53.88,2156.0,24.0,8658.4
54,1,2025-10-24,83.9,6180.0,52.38,1942.3,24.0,7399.4
55,1,2025-10-25,99.29,7177.4,56.52,2434.0,24.0,7301.2
56,1,2025-10-26,93.96,7364.0,53.99,2385.6,24.0,8138.2
57,1,2025-10-27,89.22,6680.2,55.32,2217.5,24.0,7616.6
58,1,2025-10-28,96.09,7080.1,54.68,2322.9,24.0,7845.0
59,1,2025-10-29,99.33,7905.3,54.58,2588.7,24.0,7235.9
60,1,2025-10-30,105.96,7672.2,55.19,2540.7,24.0,7758.6
61,1,2025-10-31,87.38,6403.4,56.1,2155.5,24.0,7769.1
62,1,2025-11-01,97.14,7261.1,53.86,2346.6,24.0,8104.7
63,1,2025-11-02,89.1,7136.1,57.29,2452.8,24.0,6991.6
64,1,2025-11-03,99.99,7334.0,56.12,2469.7,24.0,8230.6
65,1,2025-11-04,90.93,6969.3,56.86,2377.8,24.0,7392.8
66,1,2025-11-05,89.03,6041.4,55.01,1994.0,24.0,7892.0
67,1,2025-11-06,93.42,7094.8,54.21,2307.8,24.0,7724.0
68,1,2025-11-07,86.74,7157.2,55.59,2387.2,24.0,7495.1
69,1,2025-11-08,90.07,6971.7,56.87,2379.0,24.0,7942.0
70,1,2025-11-09,83.55,6229.4,55.6,2078.0,24.0,7411.4
71,1,2025-11-10,99.23,7173.1,51.99,2237.7,24.0,7179.6
72,1,2025-11-11,89.25,6459.3,55.29,2142.9,24.0,7304.5
73,1,2025-11-12,107.18,8801.4,55.13,2911.5,24.0,7780.9
74,1,2025-11-13,81.33,6008.0,53.9,1942.9,24.0,6891.8
75,1,2025-11-14,97.64,7813.1,57.56,2698.5,24.0,7424.0
76,1,2025-11-15,92.97,6767.5,56.16,2280.2,24.0,7428.4
77,1,2025-11-16,89.59,7333.8,54.26,2387.7,24.0,7601.2
78,1,2025-11-17,85.85,6929.2,55.72,2316.4,24.0,8094.9
79,1,2025-11-18,98.25,7007.0,55.52,2334.2,24.0,8292.3
80,1,2025-11-19,91.4,7298.6,54.35,2380.2,24.0,7295.5
81,1,2025-11-20,107.01,7807.7,54.47,2551.7,24.0,7432.8
82,1,2025-11-21,92.54,6800.7,55.84,2278.4,24.0,7601.8
83,1,2025-11-22,96.49,6981.6,58.3,2442.4,24.0,7976.3
84,1,2025-11-23,95.97,6672.4,56.19,2249.4,24.0,7370.8
85,1,2025-11-24,89.27,6995.9,56.1,2354.8,24.0,8119.3
86,1,2025-11-25,105.12,7042.8,55.15,2330.4,24.0,7431.0
87,1,2025-11-26,92.17,6427.0,52.49,2024.2,24.0,7396.2
88,1,2025-11-27,100.68,7969.6,53.49,2557.9,24.0,7590.5
89,1,2025-11-28,95.27,6630.6,56.01,2228.1,24.0,6982.9
90,1,2025-11-29,101.88,7335.5,56.29,2477.5,24.0,8282.3
91,1,2025-11-30,95.16,6226.5,54.64,2041.5,24.0,8295.1
92,1,2025-12-01,95.55,6911.7,54.8,2272.6,24.0,7423.7
93,1,2025-12-02,97.44,6465.1,55.69,2160.2,24.0,7967.3
94,1,2025-12-03,96.77,6971.1,54.35,2273.1,24.0,8032.3
95,1,2025-12-04,98.76,6283.1,55.36,2087.0,24.0,6816.8
96,1,2025-12-05,102.28,6493.3,52.16,2032.1,24.0,7804.1
97,1,2025-12-06,82.66,6079.1,55.77,2034.0,24.0,7295.8
98,1,2025-12-07,100.0,5835.9,54.04,1892.4,24.0,7701.2
99,1,2025-12-08,86.35,6199.7,55.57,2067.3,24.0,7128.4
100,1,2025-12-09,113.69,6977.6,52.44,2195.6,24.0,7513.1
101,1,2025-12-10,93.35,6150.6,52.83,1949.6,24.0,7993.5
102,1,2025-12-11,94.57,6761.6,53.95,2188.9,24.0,7771.7
103,1,2025-12-12,91.7,7188.1,52.99,2285.5,24.0,8003.3
104,1,2025-12-13,94.98,6271.7,55.82,2100.4,24.0,7603.7
105,1,2025-12-14,97.1,6521.1,55.89,2186.7,24.0,7732.6
106,1,2025-12-15,90.94,5929.9,54.42,1936.1,24.0,7709.3
107,1,2025-12-16,89.29,6094.6,53.89,1970.5,24.0,8040.4
108,1,2025-12-17,92.4,5529.8,55.53,1842.6,24.0,7946.2
109,1,2025-12-18,103.98,6753.6,55.98,2268.2,24.0,7489.2
110,1,2025-12-19,98.25,7192.8,55.43,2392.4,24.0,7445.2
111,1,2025-12-20,91.32,6756.0,55.73,2259.1,24.0,7076.6
112,1,2025-12-21,104.06,7171.8,54.76,2356.4,24.0,7564.4
113,1,2025-12-22,102.91,6984.7,53.72,2251.4,24.0,7703.6
114,1,2025-12-23,101.55,6535.3,55.43,2173.4,24.0,7863.7
115,1,2025-12-24,88.84,5548.6,56.81,1891.4,24.0,7379.3
116,1,2025-12-25,99.66,6193.2,54.6,2029.1,24.0,7922.8
117,1,2025-12-26,93.5,6764.0,55.0,2232.3,24.0,7212.4
118,1,2025-12-27,90.42,6509.9,54.37,2123.6,24.0,8050.9
119,1,2025-12-28,94.68,6735.3,52.97,2140.5,24.0,7258.8
120,1,2025-12-29,90.08,6052.7,55.07,1999.8,24.0,8047.2
121,1,2025-12-30,95.53,6935.8,54.69,2275.9,24.0,7298.7
122,1,2025-12-31,92.88,6678.4,55.07,2206.8,24.0,8211.2
123,1,2026-01-01,88.41,5847.6,56.52,1982.9,24.0,7670.4
124,1,2026-01-02,88.77,6089.9,55.23,2018.2,24.0,8251.2
125,1,2026-01-03,94.17,5316.9,54.71,1745.4,24.0,7461.6
126,1,2026-01-04,93.32,6851.7,55.1,2265.3,24.0,7195.8
127,1,2026-01-05,98.16,6304.4,54.35,2055.7,24.0,7914.3
128,1,2026-01-06,96.62,6616.9,55.94,2220.9,24.0,7780.5
129,1,2026-01-07,86.77,5359.6,55.15,1773.5,24.0,7714.0
130,1,2026-01-08,88.12,5996.7,55.89,2011.1,24.0,7620.9
131,1,2026-01-09,97.11,6660.2,53.43,2135.1,24.0,7704.5
132,1,2026-01-10,103.03,7645.0,55.48,2544.9,24.0,7632.3
133,1,2026-01-11,87.63,5769.3,53.63,1856.4,24.0,7396.2
134,1,2026-01-12,82.86,6149.6,54.53,2012.1,24.0,8138.7
135,1,2026-01-13,92.57,6186.9,55.53,2061.4,24.0,7639.2
136,1,2026-01-14,90.8,5901.7,55.78,1975.0,24.0,7810.2
137,1,2026-01-15,99.32,7085.1,54.5,2316.7,24.0,7303.5
138,1,2026-01-16,93.53,6646.7,55.29,2205.1,24.0,7573.2
139,1,2026-01-17,93.77,7073.4,53.17,2256.5,24.0,7332.5
140,1,2026-01-18,99.07,6897.5,55.56,2299.3,24.0,7907.8
141,1,2026-01-19,107.55,7573.5,53.15,2415.2,24.0,7302.5
142,1,2026-01-20,87.07,6041.6,54.59,1979.0,24.0,8024.5
143,1,2026-01-21,87.1,5774.7,52.94,1834.4,24.0,7243.5
144,1,2026-01-22,93.62,6260.6,55.24,2074.9,24.0,8214.5
145,1,2026-01-23,93.67,6277.9,55.21,2079.5,24.0,7014.6
146,1,2026-01-24,95.39,6173.2,53.71,1989.5,24.0,7633.8
147,1,2026-01-25,103.13,6951.8,56.24,2345.9,24.0,6807.1
148,1,2026-01-26,89.39,6226.6,55.56,2075.8,24.0,7810.2
149,1,2026-01-27,83.8,5672.4,53.36,1815.9,24.0,8036.4
150,1,2026-01-28,99.93,6925.6,56.54,2349.5,24.0,8092.4
151,1,2026-01-29,95.17,6405.4,55.91,2148.8,24.0,7386.7
152,1,2026-01-30,84.46,5639.8,53.7,1817.3,24.0,7683.7
153,1,2026-01-31,94.57,6607.7,54.41,2157.3,24.0,8401.5
154,1,2026-02-01,105.54,7244.9,55.58,2415.8,24.0,7140.7
155,1,2026-02-02,102.75,6976.5,55.36,2317.5,24.0,8362.2
156,1,2026-02-03,105.38,6889.3,56.58,2338.8,24.0,8368.6
157,1,2026-02-04,92.82,5849.5,53.65,1883.0,24.0,7724.7
158,1,2026-02-05,98.04,6843.9,53.39,2192.3,24.0,7331.4
159,1,2026-02-06,106.84,7563.4,55.67,2526.2,24.0,7420.0
160,1,2026-02-07,94.94,6439.0,54.66,2111.6,24.0,7001.5
161,1,2026-02-08,86.84,5201.3,53.7,1675.7,24.0,7816.6
162,1,2026-02-09,95.6,6035.6,57.21,2071.8,24.0,7382.4
163,1,2026-02-10,95.52,6869.3,55.76,2298.3,24.0,7388.9
164,1,2026-02-11,78.43,5425.9,52.37,1704.9,24.0,8409.8
165,1,2026-02-12,92.48,6047.1,55.61,2017.6,24.0,7639.0
166,1,2026-02-13,93.28,6464.2,55.31,2145.2,24.0,7543.6
167,1,2026-02-14,99.22,6721.4,57.19,2306.3,24.0,6989.0
168,1,2026-02-15,96.17,6158.7,54.14,2000.5,24.0,7426.6
169,1,2026-02-16,89.61,6580.3,52.09,2056.5,24.0,7492.6
170,1,2026-02-17,101.68,6519.7,53.39,2088.6,24.0,7552.8
171,1,2026-02-18,92.49,5929.4,55.07,1959.3,24.0,7835.1
172,1,2026-02-19,95.77,5793.7,55.58,1932.2,24.0,7808.2
173,1,2026-02-20,101.62,6932.6,56.06,2331.9,24.0,7797.1
174,1,2026-02-21,95.29,6873.4,54.69,2255.3,24.0,7473.7
175,1,2026-02-22,89.23,5772.9,54.43,1885.2,24.0,7294.3
176,1,2026-02-23,96.21,7107.4,53.28,2272.0,24.0,7814.1
177,1,2026-02-24,88.89,6071.4,54.55,1987.2,24.0,7639.3
178,1,2026-02-25,101.39,6813.9,56.79,2321.6,24.0,7549.7
179,1,2026-02-26,85.61,7179.7,55.34,2384.1,24.0,7543.8
180,1,2026-02-27,90.97,6406.4,54.92,2111.1,24.0,7608.0
181,1,2026-02-28,94.23,6393.5,56.38,2162.7,24.0,7211.4
182,1,2026-03-01,105.64,7457.6,56.29,2518.7,24.0,7005.4
183,1,2026-03-02,96.7,8116.1,55.15,2685.7,24.0,7909.4
184,1,2026-03-03,95.45,6344.4,54.73,2083.2,24.0,7502.9
185,1,2026-03-04,93.5,6917.3,55.08,2285.8,24.0,7589.0
186,1,2026-03-05,106.3,8829.0,54.42,2883.0,24.0,8010.6
187,1,2026-03-06,98.53,6408.9,54.06,2078.7,24.0,7997.3
188,1,2026-03-07,103.61,8757.1,57.95,3044.8,24.0,7356.4
189,1,2026-03-08,104.42,7145.8,54.53,2338.2,24.0,7708.2
190,1,2026-03-09,96.74,7973.7,54.45,2604.9,24.0,7357.8
191,1,2026-03-10,91.91,6822.5,54.26,2221.1,24.0,7853.5
192,1,2026-03-11,86.43,7010.5,54.91,2309.7,24.0,8031.6
193,1,2026-03-12,87.13,7006.2,53.36,2243.0,24.0,7769.2
194,1,2026-03-13,90.09,7302.2,53.98,2364.9,24.0,7270.8
195,1,2026-03-14,91.67,6243.0,55.27,2070.4,24.0,7753.4
196,1,2026-03-15,98.77,7401.8,55.14,2448.9,24.0,8125.1
197,1,2026-03-16,82.21,6893.0,54.51,2254.3,24.0,7256.4
198,1,2026-03-17,92.68,5997.0,53.72,1933.0,24.0,7116.2
199,1,2026-03-18,100.71,7400.9,54.69,2428.6,24.0,7445.5
200,1,2026-03-19,95.63,7624.3,56.14,2568.2,24.0,7638.8
201,1,2026-03-20,93.35,6871.1,54.49,2246.4,24.0,8613.0
202,1,2026-03-21,96.5,7048.3,55.4,2343.0,24.0,8179.7
203,1,2026-03-22,101.5,7755.6,57.11,2657.3,24.0,7635.6
204,1,2026-03-23,99.64,6918.0,53.12,2204.8,24.0,7339.5
205,1,2026-03-24,97.04,6432.8,54.2,2092.1,24.0,7515.5
206,1,2026-03-25,104.45,7782.4,55.17,2576.3,24.0,7514.3
207,1,2026-03-26,99.84,7834.4,55.38,2603.3,24.0,7213.9
208,1,2026-03-27,94.62,7341.6,54.48,2399.9,24.0,7764.3
209,1,2026-03-28,88.17,6746.3,53.91,2182.0,24.0,7460.8
210,1,2026-03-29,85.82,5978.5,56.48,2025.9,24.0,7393.6
211,1,2026-03-30,93.81,6943.4,57.33,2388.3,24.0,7673.8
212,1,2026-03-31,104.34,8342.5,52.59,2632.3,24.0,7947.8
213,1,2026-04-01,97.35,7504.5,53.87,2425.6,24.0,7343.7
214,1,2026-04-02,87.49,6963.0,54.6,2281.2,24.0,8090.4
215,1,2026-04-03,96.0,6972.2,53.61,2242.8,24.0,7070.4
216,1,2026-04-04,100.35,7128.1,55.95,2392.7,24.0,7439.4
217,1,2026-04-05,85.11,6792.5,54.6,2225.3,24.0,7967.9
218,1,2026-04-06,106.09,7724.5,54.48,2525.1,24.0,7705.3
219,1,2026-04-07,83.58,6554.8,54.56,2145.7,24.0,7816.4
220,1,2026-04-08,104.4,7649.6,54.41,2497.1,24.0,7355.5
221,1,2026-04-09,102.43,7488.1,55.34,2486.2,24.0,7621.0
222,1,2026-04-10,93.64,7225.4,54.3,2354.2,24.0,7670.3
223,1,2026-04-11,99.05,7052.1,54.44,2303.7,24.0,7618.4
224,1,2026-04-12,96.2,7718.7,53.1,2459.1,24.0,7450.2
225,1,2026-04-13,90.6,6280.0,53.64,2021.1,24.0,7346.5
226,1,2026-04-14,100.97,7645.9,55.21,2532.8,24.0,6870.2
227,1,2026-04-15,96.77,7501.9,54.75,2464.3,24.0,7565.8
228,1,2026-04-16,98.28,7333.2,53.86,2369.6,24.0,7613.4
229,1,2026-04-17,98.61,7751.7,53.71,2498.2,24.0,8445.6
230,1,2026-04-18,98.28,7180.1,55.01,2369.9,24.0,7565.0
231,1,2026-04-19,87.52,6724.9,54.03,2180.1,24.0,7448.0
232,1,2026-04-20,88.03,6570.7,56.39,2223.0,24.0,8027.9
233,1,2026-04-21,88.57,6578.4,55.64,2196.1,24.0,8701.1
234,1,2026-04-22,100.18,8671.6,55.22,2873.2,24.0,7071.7
235,1,2026-04-23,101.5,8019.9,54.43,2619.0,24.0,7759.9
236,1,2026-04-24,96.21,7826.4,54.45,2556.8,24.0,7387.0
237,1,2026-04-25,94.59,6588.8,54.53,2155.8,24.0,7716.3
238,1,2026-04-26,88.01,6793.6,54.37,2216.1,24.0,7450.5
239,1,2026-04-27,99.56,7402.8,56.26,2498.9,24.0,7550.8
240,1,2026-04-28,89.74,7097.1,56.01,2385.0,24.0,7917.7
241,1,2026-04-29,108.53,8660.1,54.98,2856.7,24.0,7425.3
242,1,2026-04-30,104.55,8182.9,54.23,2662.4,24.0,7634.8
243,1,2026-05-01,83.64,7120.9,54.59,2332.2,24.0,7518.8
244,1,2026-05-02,94.82,7404.3,56.16,2495.0,24.0,8177.8
245,1,2026-05-03,105.19,7666.5,53.49,2460.7,24.0,7784.1
246,1,2026-05-04,88.41,5801.1,52.81,1838.0,24.0,6853.3
247,1,2026-05-05,101.52,7533.4,53.75,2429.3,24.0,7829.7
248,1,2026-05-06,97.92,6716.4,54.72,2205.1,24.0,7793.3
249,1,2026-05-07,102.09,7771.2,54.6,2545.9,24.0,8183.9
250,1,2026-05-08,103.61,8144.3,53.82,2629.8,24.0,7994.9
251,1,2026-05-09,94.85,6976.6,56.31,2357.3,24.0,7426.5
252,1,2026-05-10,87.92,6275.8,56.27,2118.7,24.0,7576.6
253,1,2026-05-11,106.27,6682.1,56.49,2264.9,24.0,7942.3
254,1,2026-05-12,88.86,5349.2,53.37,1713.0,24.0,7605.6
255,1,2026-05-13,101.55,7368.1,55.28,2443.7,24.0,7143.8
256,1,2026-05-14,90.33,6476.1,54.26,2108.5,24.0,8083.5
257,1,2026-05-15,94.81,8036.9,56.59,2728.9,24.0,7571.5
258,1,2026-05-16,104.78,8237.4,55.9,2762.6,24.0,7525.0
259,1,2026-05-17,92.91,6760.1,54.87,2225.6,24.0,7533.6
260,1,2026-05-18,90.79,6491.7,56.3,2192.8,24.0,8083.5
261,1,2026-05-19,111.77,8360.8,56.49,2833.7,24.0,7977.2
262,1,2026-05-20,101.49,7661.6,56.05,2576.4,24.0,7580.6
263,1,2026-05-21,107.51,10382.6,55.57,3461.5,24.0,7929.3
264,1,2026-05-22,85.54,6390.0,54.9,2104.7,24.0,7240.9
265,1,2026-05-23,102.52,7190.6,54.43,2348.4,24.0,7560.4
266,1,2026-05-24,91.26,6246.4,56.57,2120.2,24.0,7349.6
267,1,2026-05-25,87.03,7049.4,56.62,2394.7,24.0,7586.1
268,1,2026-05-26,96.17,6869.5,55.21,2275.7,24.0,8612.4
269,1,2026-05-27,99.11,7248.6,54.32,2362.5,24.0,7258.7
270,1,2026-05-28,96.61,6413.5,53.75,2068.4,24.0,7673.2
271,1,2026-05-29,98.22,8002.3,55.27,2653.9,24.0,7595.6
272,1,2026-05-30,82.76,6906.0,54.65,2264.6,24.0,7259.0
273,1,2026-05-31,98.88,7563.2,53.63,2433.8,24.0,7815.3
274,1,2026-06-01,109.0,8827.6,56.01,2966.8,24.0,6996.6
275,1,2026-06-02,88.43,6858.6,54.17,2229.1,24.0,7933.1
276,1,2026-06-03,96.06,7619.9,56.54,2585.2,24.0,8012.5
277,1,2026-06-04,96.29,7328.7,56.18,2470.3,24.0,7478.0
278,1,2026-06-05,95.47,6624.2,53.05,2108.4,24.0,7161.2
279,1,2026-06-06,95.93,7461.1,56.53,2530.6,24.0,7499.1
280,1,2026-06-07,95.92,6845.2,55.64,2285.1,24.0,7864.1
281,1,2026-06-08,93.04,6861.0,55.73,2294.3,24.0,7317.6
282,1,2026-06-09,88.28,6195.4,54.8,2037.2,24.0,7387.1
283,1,2026-06-10,89.05,7141.1,55.68,2385.9,24.0,8173.8
284,1,2026-06-11,82.95,7010.0,52.97,2228.0,24.0,7507.0
285,1,2026-06-12,110.32,8417.1,56.14,2835.4,24.0,7776.2
286,1,2026-06-13,94.88,6670.1,55.81,2233.6,24.0,7790.1
287,1,2026-06-14,102.98,8135.9,55.03,2686.2,24.0,7487.5
288,1,2026-06-15,89.24,7236.8,55.88,2426.4,24.0,7201.3
289,1,2026-06-16,90.22,6805.2,56.26,2297.2,24.0,8108.1
290,1,2026-06-17,99.96,7574.4,55.64,2528.6,24.0,6955.0
291,1,2026-06-18,92.18,7345.1,55.54,2447.8,24.0,7306.2
292,1,2026-06-19,91.23,6544.0,55.24,2169.1,24.0,7594.2
293,1,2026-06-20,93.02,7801.2,53.88,2522.0,24.0,7820.4
294,1,2026-06-21,101.66,7499.5,55.71,2506.9,24.0,8189.6
295,1,2026-06-22,96.75,6892.1,56.1,2319.7,24.0,7867.7
296,1,2026-06-23,99.79,7474.7,54.85,2459.9,24.0,7841.2
297,1,2026-06-24,92.66,7432.7,54.85,2446.3,24.0,7467.1
298,1,2026-06-25,83.43,6476.1,56.41,2191.8,24.0,7417.8
299,1,2026-06-26,86.39,5891.4,56.67,2003.4,24.0,7869.3
300,1,2026-06-27,82.39,6122.9,55.16,2026.5,24.0,7756.5
301,1,2026-06-28,91.44,6416.1,55.62,2141.1,24.0,7868.2
302,1,2026-06-29,82.97,6995.0,55.68,2336.8,24.0,7722.0
303,1,2026-06-30,89.33,7050.3,55.58,2351.1,24.0,7771.0
304,1,2026-07-01,92.58,7287.6,55.27,2416.6,24.0,7659.7
305,1,2026-07-02,78.29,5775.2,56.53,1958.9,24.0,8099.2
306,1,2026-07-03,97.31,7951.0,53.5,2552.2,24.0,6453.0
307,1,2026-07-04,96.96,7415.3,55.89,2486.5,24.0,8183.2
308,1,2026-07-05,54.87,4197.7,52.56,1323.8,14.1,4395.3
309,1,2026-07-06,90.86,5804.3,53.62,1867.3,24.0,7193.1
310,1,2026-07-07,98.68,7629.4,56.36,2580.1,24.0,8167.5
311,1,2026-07-08,88.12,6468.5,55.5,2154.1,24.0,7249.7
312,1,2026-07-09,100.6,7768.3,56.91,2652.6,24.0,7678.5
313,1,2026-07-10,96.7,6358.7,57.88,2208.1,24.0,8111.1
314,1,2026-07-11,84.09,6502.8,53.62,2092.2,24.0,8292.0
315,1,2026-07-12,91.92,6670.1,56.25,2251.1,24.0,7599.4
316,1,2026-07-13,98.68,7487.6,55.41,2489.4,24.0,7857.1
317,1,2026-07-14,93.23,6576.6,57.37,2263.9,24.0,7402.7
318,1,2026-07-15,94.96,7796.1,54.41,2545.1,24.0,7621.5
319,1,2026-07-16,86.22,6359.9,56.4,2152.2,24.0,8428.4
320,1,2026-07-17,88.42,6038.1,53.18,1926.6,24.0,7255.3
321,1,2026-07-18,95.83,7084.9,56.65,2408.1,24.0,7825.3
322,1,2026-07-19,87.45,5951.9,53.52,1911.2,24.0,7937.2
323,1,2026-07-20,90.62,6527.7,56.33,2206.1,24.0,7568.8
324,1,2026-07-21,92.46,6578.3,55.38,2185.8,24.0,7736.0
325,1,2026-07-22,89.89,6771.8,54.19,2201.6,24.0,7486.4
326,1,2026-07-23,93.5,6089.0,55.63,2032.3,24.0,7650.6
327,1,2026-07-24,88.83,6515.2,54.07,2113.8,24.0,7739.4
328,1,2026-07-25,100.16,7749.3,53.76,2499.7,24.0,8011.1
329,1,2026-07-26,97.97,7131.5,54.26,2321.9,24.0,8097.8
330,1,2026-07-27,95.74,6619.9,53.6,2128.8,24.0,7640.9
331,1,2026-07-28,113.12,8682.1,51.87,2702.1,24.0,7647.9
332,1,2026-07-29,93.53,7134.6,52.52,2248.2,24.0,7703.9
333,1,2026-07-30,85.73,6527.7,55.73,2182.8,24.0,7366.8
334,1,2026-07-31,93.18,6204.9,54.19,2017.5,24.0,7951.8
335,1,2026-08-01,98.29,7958.1,56.27,2686.9,24.0,7870.1
336,1,2026-08-02,90.76,8147.3,54.74,2676.1,24.0,7516.0
337,1,2026-08-03,84.37,6791.9,53.49,2179.9,24.0,8401.4
338,1,2026-08-04,97.85,7893.0,54.63,2587.4,24.0,7679.9
339,1,2026-08-05,90.71,7248.6,53.42,2323.4,24.0,7811.2
340,1,2026-08-06,90.07,7303.0,56.92,2494.0,24.0,8618.0
341,1,2026-08-07,92.9,7368.5,55.7,2462.5,24.0,7288.8
342,1,2026-08-08,90.7,7595.9,53.78,2451.2,24.0,8076.6
343,1,2026-08-09,83.27,5871.9,54.72,1927.8,24.0,7137.1
344,1,2026-08-10,75.4,5811.2,55.43,1932.6,24.0,7070.4
345,1,2026-08-11,93.2,6383.3,55.81,2137.5,24.0,8125.1
346,1,2026-08-12,97.33,7068.4,54.87,2327.1,24.0,7597.3
347,1,2026-08-13,96.15,7270.8,54.73,2387.7,24.0,7870.0
348,1,2026-08-14,83.9,6679.3,57.14,2289.9,24.0,7329.9
349,1,2026-08-15,98.83,7515.0,55.28,2492.7,24.0,7987.8
350,1,2026-08-16,88.49,6575.5,56.23,2218.4,24.0,8383.2
351,1,2026-08-17,87.04,7121.1,54.69,2336.6,24.0,7171.7
352,1,2026-08-18,91.17,6648.1,55.03,2195.2,24.0,8140.0
353,1,2026-08-19,101.3,7525.1,54.8,2474.3,24.0,7918.0
354,1,2026-08-20,92.12,7298.5,56.95,2494.1,24.0,7420.5
355,1,2026-08-21,103.23,8280.0,52.56,2610.9,24.0,8371.4
356,1,2026-08-22,108.18,7838.4,54.75,2575.0,24.0,7967.0
357,1,2026-08-23,90.32,7175.7,54.94,2365.6,24.0,8090.8
358,1,2026-08-24,77.84,5621.1,54.78,1847.7,24.0,7495.4
359,1,2026-08-25,90.16,6587.6,54.29,2145.7,24.0,7292.0
360,1,2026-08-26,102.43,7853.2,54.89,2586.3,24.0,7517.7
361,1,2026-08-27,104.6,7866.8,56.11,2648.3,24.0,7521.4
362,1,2026-08-28,101.25,7194.9,55.97,2416.0,24.0,8561.5
363,1,2026-08-29,84.9,5631.7,56.33,1903.3,24.0,7930.7
364,1,2026-08-30,92.0,5834.7,55.64,1947.7,24.0,7564.2
365,1,2026-08-31,102.67,8730.1,56.21,2944.2,24.0,7673.6
366,2,2025-09-01,63.32,4658.7,53.88,1506.1,24.0,7426.9
367,2,2025-09-02,74.67,5644.7,53.3,1805.3,24.0,7279.7
368,2,2025-09-03,71.88,5148.1,53.45,1651.1,24.0,7917.9
369,2,2025-09-04,69.57,5049.7,54.46,1650.0,24.0,7330.6
370,2,2025-09-05,70.74,5263.7,54.15,1710.2,24.0,7839.8
371,2,2025-09-06,62.87,4432.6,55.88,1486.1,24.0,7858.1
372,2,2025-09-07,70.39,5524.0,54.27,1798.7,24.0,7587.3
373,2,2025-09-08,67.48,5663.2,53.88,1830.7,24.0,7366.6
374,2,2025-09-09,67.7,4814.2,53.79,1553.6,24.0,7869.7
375,2,2025-09-10,70.86,5608.8,56.71,1908.5,24.0,8007.7
376,2,2025-09-11,76.67,5466.9,52.74,1729.9,24.0,7866.0
377,2,2025-09-12,27.66,2041.5,53.15,651.0,10.8,3530.6
378,2,2025-09-13,65.96,4889.1,54.37,1594.8,24.0,8382.2
379,2,2025-09-14,68.12,5136.2,52.94,1631.4,24.0,7874.9
380,2,2025-09-15,66.72,5168.8,53.76,1667.4,24.0,7807.9
381,2,2025-09-16,65.22,5183.9,54.19,1685.4,24.0,7577.2
382,2,2025-09-17,68.74,5095.9,55.95,1710.6,24.0,7967.3
383,2,2025-09-18,68.14,4900.9,54.67,1607.5,24.0,8438.7
384,2,2025-09-19,73.25,5356.9,54.73,1759.0,24.0,8230.6
385,2,2025-09-20,70.34,4495.8,53.37,1439.7,24.0,7150.9
386,2,2025-09-21,70.33,5583.9,53.72,1799.9,24.0,8074.7
387,2,2025-09-22,68.1,5407.8,55.0,1784.4,24.0,7409.2
388,2,2025-09-23,68.36,4557.1,53.65,1467.1,24.0,7899.4
389,2,2025-09-24,80.73,6283.2,53.99,2035.3,24.0,7615.0
390,2,2025-09-25,62.28,4420.8,53.78,1426.4,24.0,7908.4
391,2,2025-09-26,66.19,4858.9,51.27,1494.6,24.0,7410.0
392,2,2025-09-27,70.54,4883.7,53.67,1572.8,24.0,7097.6
393,2,2025-09-28,69.44,4886.1,54.96,1611.3,24.0,8028.8
394,2,2025-09-29,83.1,5421.8,55.41,1802.5,24.0,7563.6
395,2,2025-09-30,79.23,6271.5,54.13,2036.8,24.0,7692.2
396,2,2025-10-01,68.57,5048.5,54.49,1650.6,24.0,7885.6
397,2,2025-10-02,77.41,6010.4,56.43,2034.8,24.0,7359.2
398,2,2025-10-03,76.87,5811.9,53.81,1876.5,24.0,7715.0
399,2,2025-10-04,65.51,4853.5,52.14,1518.5,24.0,7672.2
400,2,2025-10-05,73.27,5410.1,55.27,1794.2,24.0,7463.9
401,2,2025-10-06,66.88,4841.8,52.7,1530.9,24.0,8187.7
402,2,2025-10-07,76.01,5593.9,54.08,1815.1,24.0,8236.0
403,2,2025-10-08,71.08,5202.6,55.74,1739.8,24.0,7652.7
404,2,2025-10-09,65.49,5090.2,52.31,1597.7,24.0,7756.9
405,2,2025-10-10,79.39,6335.2,53.34,2027.5,24.0,7424.9
406,2,2025-10-11,30.7,2629.9,53.45,843.4,10.3,3109.2
407,2,2025-10-12,77.56,5546.7,53.72,1787.6,24.0,8122.4
408,2,2025-10-13,74.69,6259.0,54.81,2058.5,24.0,7704.1
409,2,2025-10-14,74.46,4961.2,54.91,1634.6,24.0,7548.8
410,2,2025-10-15,60.05,4265.7,53.34,1365.1,24.0,7277.4
411,2,2025-10-16,69.36,4590.3,53.82,1482.3,24.0,7545.0
412,2,2025-10-17,68.56,5270.2,54.05,1709.2,24.0,7822.3
413,2,2025-10-18,64.31,4539.6,55.05,1499.3,24.0,7617.9
414,2,2025-10-19,71.28,4964.8,54.21,1614.8,24.0,8132.6
415,2,2025-10-20,72.92,5914.3,52.49,1862.8,24.0,8103.7
416,2,2025-10-21,70.05,5390.5,53.87,1742.2,24.0,8029.8
417,2,2025-10-22,73.15,5785.8,53.66,1862.9,24.0,7801.1
418,2,2025-10-23,61.09,4757.4,54.41,1553.1,24.0,7772.2
419,2,2025-10-24,63.71,4644.7,54.41,1516.4,24.0,7774.3
420,2,2025-10-25,61.95,4336.1,54.12,1408.1,24.0,7637.1
421,2,2025-10-26,71.64,4807.2,50.49,1456.4,24.0,7267.2
422,2,2025-10-27,61.56,4555.1,54.46,1488.4,24.0,7929.3
423,2,2025-10-28,72.06,5577.5,53.84,1801.6,24.0,7979.9
424,2,2025-10-29,61.35,5165.8,53.74,1665.8,24.0,7265.7
425,2,2025-10-30,67.08,5078.6,55.2,1682.1,24.0,7695.4
426,2,2025-10-31,61.88,5062.8,52.82,1604.4,24.0,7820.2
427,2,2025-11-01,65.62,4563.1,53.49,1464.5,24.0,8145.1
428,2,2025-11-02,66.53,5017.0,53.16,1600.1,24.0,7868.3
429,2,2025-11-03,60.15,3926.9,54.21,1277.3,24.0,7366.7
430,2,2025-11-04,71.19,5008.8,54.73,1644.8,24.0,7580.5
431,2,2025-11-05,65.52,4807.7,53.67,1548.1,20.7,6301.8
432,2,2025-11-06,66.36,4402.8,54.35,1435.7,24.0,7325.8
433,2,2025-11-07,67.21,4854.9,52.97,1542.9,24.0,7200.8
434,2,2025-11-08,85.31,6983.2,52.8,2212.1,24.0,7727.4
435,2,2025-11-09,77.54,5530.1,51.96,1724.0,24.0,7507.6
436,2,2025-11-10,75.5,5376.9,53.67,1731.6,24.0,7564.2
437,2,2025-11-11,67.12,4771.5,53.78,1539.7,24.0,7593.5
438,2,2025-11-12,38.52,3188.2,54.43,1041.2,14.2,4603.9
439,2,2025-11-13,69.86,4793.1,53.68,1543.7,24.0,7444.8
440,2,2025-11-14,61.78,4740.5,53.75,1528.8,24.0,7488.4
441,2,2025-11-15,55.61,4611.5,54.65,1512.2,16.7,5512.3
442,2,2025-11-16,71.72,5776.0,52.73,1827.3,24.0,7737.7
443,2,2025-11-17,68.01,5361.9,54.22,1744.3,24.0,7514.6
444,2,2025-11-18,64.96,4480.8,55.77,1499.3,24.0,8568.3
445,2,2025-11-19,71.51,5551.3,51.18,1704.8,24.0,7346.5
446,2,2025-11-20,67.04,5148.4,53.19,1643.0,24.0,7384.2
447,2,2025-11-21,67.2,4893.7,53.0,1556.3,24.0,7484.4
448,2,2025-11-22,72.57,6025.4,54.16,1957.8,24.0,7559.3
449,2,2025-11-23,72.5,5269.4,53.39,1688.0,24.0,8033.6
450,2,2025-11-24,74.46,5237.9,52.96,1664.5,24.0,7307.8
451,2,2025-11-25,65.58,4760.6,54.94,1569.3,24.0,7268.2
452,2,2025-11-26,68.72,4875.9,53.62,1568.7,24.0,7580.2
453,2,2025-11-27,73.53,5726.4,54.75,1881.2,24.0,8185.3
454,2,2025-11-28,67.34,5140.9,53.43,1648.0,24.0,7834.0
455,2,2025-11-29,67.19,4586.1,55.53,1527.9,24.0,7679.7
456,2,2025-11-30,73.1,5727.3,53.62,1842.6,24.0,7716.2
457,2,2025-12-01,73.03,4940.2,55.23,1637.1,24.0,6829.2
458,2,2025-12-02,61.5,4164.3,52.02,1299.7,24.0,8028.4
459,2,2025-12-03,71.22,4847.0,54.07,1572.4,24.0,7381.5
460,2,2025-12-04,66.7,4459.3,52.09,1393.8,24.0,7837.1
461,2,2025-12-05,67.39,4503.0,55.56,1501.2,24.0,8088.9
462,2,2025-12-06,63.02,4645.5,55.85,1556.6,24.0,7828.3
463,2,2025-12-07,72.6,4890.6,54.97,1612.9,24.0,7153.8
464,2,2025-12-08,76.12,5136.5,52.72,1624.7,24.0,8220.0
465,2,2025-12-09,79.67,5354.5,54.18,1740.6,24.0,8334.6
466,2,2025-12-10,64.79,4743.6,53.51,1523.1,24.0,7519.3
467,2,2025-12-11,71.03,5003.9,55.04,1652.5,24.0,7801.9
468,2,2025-12-12,65.19,4338.0,53.72,1398.2,24.0,7394.8
469,2,2025-12-13,80.23,4597.8,53.77,1483.3,24.0,7534.6
470,2,2025-12-14,38.0,2344.4,54.45,766.0,14.0,4567.4
471,2,2025-12-15,70.17,5344.3,53.48,1714.9,24.0,7804.5
472,2,2025-12-16,66.23,4262.4,55.9,1429.6,24.0,7972.6
473,2,2025-12-17,62.36,4477.2,53.16,1428.1,24.0,6986.6
474,2,2025-12-18,62.62,4255.1,55.58,1419.0,24.0,7168.1
475,2,2025-12-19,77.83,5166.8,53.24,1650.5,24.0,7016.7
476,2,2025-12-20,58.23,4342.9,54.64,1423.7,24.0,7305.0
477,2,2025-12-21,68.52,5004.9,55.6,1669.7,24.0,8195.2
478,2,2025-12-22,77.47,4864.5,55.61,1623.2,24.0,7823.8
479,2,2025-12-23,82.83,5678.5,54.72,1864.5,24.0,8012.9
480,2,2025-12-24,40.09,3053.9,54.38,996.4,14.5,4572.6
481,2,2025-12-25,77.19,5464.5,53.77,1762.9,24.0,7585.5
482,2,2025-12-26,68.59,4117.7,53.53,1322.4,24.0,7747.7
483,2,2025-12-27,70.51,4884.2,52.79,1547.1,24.0,7438.0
484,2,2025-12-28,75.13,5087.1,55.73,1701.0,24.0,8170.9
485,2,2025-12-29,66.0,4485.0,55.84,1502.6,24.0,8027.0
486,2,2025-12-30,66.82,4697.9,52.37,1476.2,24.0,8123.3
487,2,2025-12-31,64.7,4027.0,55.4,1338.7,24.0,7873.1
488,2,2026-01-01,72.68,5166.6,54.46,1688.2,24.0,8261.9
489,2,2026-01-02,65.49,4208.1,54.52,1376.6,24.0,8430.7
490,2,2026-01-03,76.48,5551.8,53.24,1773.5,24.0,7986.3
491,2,2026-01-04,70.11,5186.4,54.02,1681.0,24.0,8168.0
492,2,2026-01-05,67.1,5230.8,56.29,1766.7,24.0,7797.0
493,2,2026-01-06,72.11,5293.9,54.45,1729.5,24.0,8012.6
494,2,2026-01-07,72.1,4303.0,54.08,1396.2,24.0,8034.7
495,2,2026-01-08,68.61,4540.8,54.14,1475.1,24.0,7643.9
496,2,2026-01-09,67.75,4849.0,54.67,1590.4,24.0,7361.0
497,2,2026-01-10,72.95,5251.7,54.47,1716.2,24.0,7668.9
498,2,2026-01-11,73.89,5007.6,56.59,1700.1,24.0,7269.8
499,2,2026-01-12,67.99,5059.9,54.14,1643.5,24.0,7304.3
500,2,2026-01-13,65.58,4143.7,54.29,1349.7,24.0,7803.2
501,2,2026-01-14,83.32,5140.6,54.6,1684.0,24.0,7945.3
502,2,2026-01-15,70.67,4311.3,53.36,1380.2,24.0,7437.1
503,2,2026-01-16,73.96,4921.4,54.09,1597.3,24.0,8498.1
504,2,2026-01-17,68.57,4560.9,53.12,1453.5,24.0,7224.2
505,2,2026-01-18,73.03,4943.9,55.4,1643.4,24.0,7710.0
506,2,2026-01-19,59.65,3972.3,53.93,1285.4,24.0,8026.6
507,2,2026-01-20,76.37,4756.4,55.9,1595.2,24.0,8201.8
508,2,2026-01-21,63.84,4459.5,53.74,1437.8,24.0,8654.9
509,2,2026-01-22,63.31,4281.4,56.23,1444.6,24.0,7923.4
510,2,2026-01-23,75.31,5570.8,55.41,1852.2,24.0,7347.6
511,2,2026-01-24,69.98,4700.9,54.12,1526.4,24.0,7636.1
512,2,2026-01-25,61.73,4638.2,55.32,1539.4,24.0,8505.0
513,2,2026-01-26,72.9,4430.5,53.52,1422.8,24.0,7467.0
514,2,2026-01-27,74.25,4863.6,54.72,1596.8,24.0,7263.7
515,2,2026-01-28,69.15,4576.7,54.24,1489.5,24.0,8107.4
516,2,2026-01-29,60.69,4422.3,55.38,1469.4,24.0,7217.3
517,2,2026-01-30,75.3,5275.9,53.32,1688.0,24.0,7899.3
518,2,2026-01-31,69.73,4473.2,51.83,1391.1,24.0,8388.4
519,2,2026-02-01,37.77,2422.5,55.23,802.8,12.9,4136.0
520,2,2026-02-02,63.9,4765.4,56.11,1604.4,24.0,7063.5
521,2,2026-02-03,64.01,3852.9,53.92,1246.5,24.0,7513.1
522,2,2026-02-04,70.48,5125.8,57.8,1777.6,24.0,8130.4
523,2,2026-02-05,80.53,5886.6,55.16,1948.3,24.0,7417.7
524,2,2026-02-06,59.44,4532.8,54.46,1481.2,24.0,7762.1
525,2,2026-02-07,70.94,4674.5,52.83,1481.8,24.0,7521.0
526,2,2026-02-08,62.19,4072.5,54.52,1332.3,19.9,6137.1
527,2,2026-02-09,71.38,5584.3,55.35,1854.5,24.0,8145.9
528,2,2026-02-10,74.82,5277.0,53.76,1702.2,24.0,7848.0
529,2,2026-02-11,70.78,4431.4,51.71,1375.0,24.0,7840.8
530,2,2026-02-12,71.69,4582.0,53.54,1472.0,24.0,7210.1
531,2,2026-02-13,71.97,4714.1,53.24,1505.8,24.0,6761.8
532,2,2026-02-14,74.5,5114.1,54.32,1666.7,24.0,7478.7
533,2,2026-02-15,34.71,2516.9,54.22,818.8,11.9,3715.6
534,2,2026-02-16,77.71,4374.5,55.52,1457.3,24.0,8171.0
535,2,2026-02-17,64.5,4048.6,53.19,1292.1,24.0,7542.2
536,2,2026-02-18,72.03,4877.9,55.06,1611.5,24.0,7455.9
537,2,2026-02-19,78.71,4939.0,53.83,1595.1,24.0,7772.7
538,2,2026-02-20,73.6,5344.8,54.52,1748.5,24.0,7355.1
539,2,2026-02-21,68.59,4456.5,54.17,1448.4,24.0,7906.1
540,2,2026-02-22,71.11,4742.8,53.34,1517.9,24.0,7495.9
541,2,2026-02-23,63.97,4509.4,54.9,1485.4,24.0,7789.0
542,2,2026-02-24,73.63,5624.6,52.33,1765.9,24.0,7597.9
543,2,2026-02-25,74.7,4068.3,54.23,1323.6,24.0,7347.2
544,2,2026-02-26,57.69,3949.3,52.81,1251.4,24.0,7674.6
545,2,2026-02-27,68.35,4809.9,55.65,1606.1,24.0,7299.3
546,2,2026-02-28,76.87,5165.9,54.5,1689.3,24.0,6262.6
547,2,2026-03-01,54.53,3988.3,53.83,1288.2,21.7,6392.6
548,2,2026-03-02,54.17,4054.1,54.09,1315.7,17.7,5895.5
549,2,2026-03-03,65.27,5233.7,53.68,1685.6,24.0,7359.1
550,2,2026-03-04,78.55,6636.1,55.13,2195.2,24.0,7118.5
551,2,2026-03-05,48.96,3767.6,54.29,1227.1,16.0,5407.8
552,2,2026-03-06,73.27,5373.8,55.3,1783.1,24.0,8098.1
553,2,2026-03-07,72.76,5190.5,55.58,1730.9,24.0,7745.7
554,2,2026-03-08,71.65,4688.5,55.95,1574.1,24.0,6977.1
555,2,2026-03-09,75.25,5509.0,54.82,1812.0,24.0,7860.9
556,2,2026-03-10,77.49,6601.3,54.79,2170.2,24.0,6795.7
557,2,2026-03-11,76.76,6654.9,53.04,2117.9,24.0,6903.8
558,2,2026-03-12,71.25,5812.1,54.46,1899.3,24.0,7954.9
559,2,2026-03-13,76.3,6164.9,56.77,2100.0,24.0,7402.5
560,2,2026-03-14,84.5,6298.4,55.6,2101.0,24.0,7778.8
561,2,2026-03-15,73.87,5487.7,51.42,1693.0,24.0,7341.4
562,2,2026-03-16,69.88,4983.4,54.72,1636.3,24.0,7655.9
563,2,2026-03-17,77.47,6131.9,52.39,1927.6,24.0,7103.9
564,2,2026-03-18,69.6,5482.1,54.84,1803.9,24.0,7794.6
565,2,2026-03-19,75.53,5667.8,53.65,1824.6,24.0,6736.3
566,2,2026-03-20,64.54,4854.3,53.47,1557.3,24.0,7632.5
567,2,2026-03-21,75.34,5238.1,53.72,1688.5,24.0,7482.0
568,2,2026-03-22,72.65,5198.4,52.76,1645.7,24.0,8484.8
569,2,2026-03-23,72.61,5754.9,53.83,1858.7,24.0,7229.8
570,2,2026-03-24,76.27,6002.9,52.96,1907.4,24.0,7409.3
571,2,2026-03-25,73.15,5408.2,54.54,1769.8,24.0,7545.6
572,2,2026-03-26,71.0,5546.7,53.37,1776.3,24.0,7135.4
573,2,2026-03-27,69.56,5498.8,54.03,1782.6,24.0,7794.5
574,2,2026-03-28,71.73,5204.8,53.19,1661.0,24.0,7971.7
575,2,2026-03-29,66.02,4571.0,54.09,1483.3,24.0,7758.1
576,2,2026-03-30,69.4,5343.5,54.57,1749.6,24.0,7423.0
577,2,2026-03-31,61.78,4664.7,55.26,1546.8,24.0,7924.5
578,2,2026-04-01,74.04,5319.1,53.12,1695.2,24.0,7774.0
579,2,2026-04-02,70.66,5575.7,55.86,1868.6,24.0,7907.1
580,2,2026-04-03,74.41,5756.1,50.92,1758.6,24.0,7433.7
581,2,2026-04-04,59.87,4300.4,54.52,1406.8,24.0,7339.2
582,2,2026-04-05,74.26,5256.7,55.0,1734.9,24.0,7402.8
583,2,2026-04-06,77.26,5443.9,51.42,1679.6,24.0,7669.8
584,2,2026-04-07,66.57,4576.9,55.47,1523.3,24.0,8095.4
585,2,2026-04-08,84.92,6257.2,54.22,2035.7,24.0,7505.5
586,2,2026-04-09,75.97,5668.0,55.69,1893.7,24.0,7671.3
587,2,2026-04-10,69.39,5966.1,54.38,1946.8,24.0,7611.1
588,2,2026-04-11,66.02,5128.1,53.78,1654.8,24.0,8073.1
589,2,2026-04-12,71.78,4895.4,52.76,1549.7,24.0,7626.9
590,2,2026-04-13,74.45,5981.5,54.15,1943.4,24.0,6828.1
591,2,2026-04-14,67.61,5011.2,53.67,1613.6,24.0,8114.5
592,2,2026-04-15,65.34,5070.8,52.36,1593.1,24.0,7724.6
593,2,2026-04-16,69.5,5404.0,52.57,1704.5,24.0,7330.6
594,2,2026-04-17,73.86,5327.8,54.15,1731.2,24.0,8274.0
595,2,2026-04-18,70.9,5274.6,54.42,1722.2,24.0,7401.1
596,2,2026-04-19,61.37,4627.5,55.97,1554.1,24.0,8100.0
597,2,2026-04-20,75.98,5632.2,54.44,1839.6,24.0,7426.5
598,2,2026-04-21,67.8,4911.4,54.54,1607.1,24.0,8331.4
599,2,2026-04-22,70.67,4591.5,54.62,1504.8,24.0,7289.2
600,2,2026-04-23,67.51,5435.0,55.54,1811.2,24.0,8209.1
601,2,2026-04-24,73.6,5563.9,55.14,1840.7,24.0,7085.3
602,2,2026-04-25,57.94,4520.6,53.73,1457.4,24.0,7403.5
603,2,2026-04-26,62.05,4639.5,54.21,1509.1,24.0,7743.0
604,2,2026-04-27,67.09,4915.0,55.1,1624.8,24.0,7332.0
605,2,2026-04-28,76.14,6401.7,53.99,2073.7,24.0,7129.9
606,2,2026-04-29,67.47,5192.1,51.21,1595.3,24.0,7271.3
607,2,2026-04-30,64.94,4479.6,53.85,1447.4,24.0,8046.9
608,2,2026-05-01,71.81,4783.5,56.64,1625.6,24.0,7724.3
609,2,2026-05-02,69.41,5179.1,53.97,1677.0,24.0,8331.0
610,2,2026-05-03,77.86,5724.8,52.96,1819.3,24.0,7841.2
611,2,2026-05-04,69.92,5636.1,53.01,1792.7,24.0,7077.6
612,2,2026-05-05,75.37,5922.8,52.79,1876.0,24.0,7089.4
613,2,2026-05-06,65.39,4545.9,53.83,1468.2,24.0,7844.3
614,2,2026-05-07,77.99,5808.5,54.6,1902.9,24.0,7465.9
615,2,2026-05-08,73.68,5331.7,55.2,1765.9,24.0,8175.8
616,2,2026-05-09,73.44,4886.6,52.57,1541.4,24.0,7368.9
617,2,2026-05-10,68.53,4647.9,54.93,1531.9,24.0,7675.6
618,2,2026-05-11,68.85,5223.6,53.59,1679.7,24.0,7227.2
619,2,2026-05-12,69.42,4962.8,51.95,1546.8,24.0,7543.7
620,2,2026-05-13,66.86,4663.6,55.3,1547.3,24.0,7110.4
621,2,2026-05-14,71.06,5476.0,54.64,1795.4,24.0,7880.6
622,2,2026-05-15,70.29,5048.9,53.54,1621.8,24.0,7385.7
623,2,2026-05-16,64.32,5243.0,53.26,1675.4,24.0,8273.8
624,2,2026-05-17,69.69,5516.9,54.8,1814.1,24.0,7353.4
625,2,2026-05-18,58.36,4025.1,56.27,1359.0,24.0,8006.9
626,2,2026-05-19,73.7,5259.9,53.88,1700.4,24.0,7794.5
627,2,2026-05-20,72.43,5616.6,52.69,1775.6,24.0,7932.4
628,2,2026-05-21,65.29,4971.6,53.55,1597.5,24.0,7069.0
629,2,2026-05-22,67.63,4917.2,53.92,1590.9,24.0,7653.8
630,2,2026-05-23,70.24,5055.0,54.13,1641.7,24.0,7264.2
631,2,2026-05-24,76.58,6021.2,53.18,1921.4,24.0,7407.9
632,2,2026-05-25,51.25,3221.2,55.57,1074.0,18.0,5475.0
633,2,2026-05-26,70.51,5291.5,53.91,1711.7,24.0,7423.5
634,2,2026-05-27,69.01,5324.2,52.97,1692.3,24.0,7673.5
635,2,2026-05-28,83.08,6517.6,52.6,2057.0,24.0,7799.3
636,2,2026-05-29,62.2,4856.7,56.67,1651.3,24.0,8574.2
637,2,2026-05-30,70.0,5040.1,55.83,1688.3,24.0,7316.5
638,2,2026-05-31,72.6,6482.8,54.06,2102.8,24.0,7753.5
639,2,2026-06-01,76.31,6143.6,54.3,2001.8,24.0,7343.0
640,2,2026-06-02,71.04,4836.3,53.69,1557.9,24.0,7617.2
641,2,2026-06-03,70.91,5222.5,54.97,1722.5,24.0,7939.5
642,2,2026-06-04,69.85,5782.0,54.5,1890.9,24.0,8206.5
643,2,2026-06-05,67.73,5154.2,52.34,1618.6,24.0,7616.0
644,2,2026-06-06,59.54,4776.7,52.34,1500.1,24.0,7643.7
645,2,2026-06-07,71.42,4947.6,52.39,1555.2,24.0,7284.9
646,2,2026-06-08,75.2,5580.2,53.4,1788.0,24.0,7794.3
647,2,2026-06-09,77.23,5477.4,53.13,1746.1,24.0,7711.9
648,2,2026-06-10,72.3,5515.0,52.75,1745.4,24.0,7491.2
649,2,2026-06-11,39.49,3051.7,54.42,996.5,12.9,4703.2
650,2,2026-06-12,67.5,5096.7,54.16,1656.1,24.0,7770.9
651,2,2026-06-13,71.54,5072.2,53.96,1642.2,24.0,7519.6
652,2,2026-06-14,80.49,6260.8,53.62,2014.2,24.0,7491.7
653,2,2026-06-15,62.78,4875.6,54.38,1590.9,24.0,7570.0
654,2,2026-06-16,72.32,5757.9,54.93,1897.7,24.0,7612.7
655,2,2026-06-17,75.94,5146.1,52.73,1628.1,24.0,7162.7
656,2,2026-06-18,69.35,5087.8,54.66,1668.6,24.0,7605.0
657,2,2026-06-19,61.51,4314.5,53.67,1389.4,24.0,7475.0
658,2,2026-06-20,69.15,5250.8,53.08,1672.4,24.0,7050.0
659,2,2026-06-21,54.77,4144.2,53.89,1340.1,19.3,6138.2
660,2,2026-06-22,60.87,4487.5,53.86,1450.2,24.0,7427.1
661,2,2026-06-23,33.46,2438.5,53.52,783.1,11.6,3600.2
662,2,2026-06-24,67.53,4767.2,54.81,1567.9,24.0,7289.9
663,2,2026-06-25,59.19,4427.5,53.28,1415.3,22.3,7141.3
664,2,2026-06-26,67.84,5363.0,53.75,1729.5,24.0,8101.4
665,2,2026-06-27,62.54,5088.3,55.14,1683.6,24.0,7865.5
666,2,2026-06-28,75.6,5903.1,52.64,1864.5,24.0,8605.5
667,2,2026-06-29,75.66,5717.1,55.48,1903.0,24.0,7781.4
668,2,2026-06-30,73.73,4615.2,52.36,1450.0,24.0,7104.6
669,2,2026-07-01,66.51,4685.4,52.79,1484.0,24.0,8245.9
670,2,2026-07-02,72.81,5189.5,54.18,1686.9,24.0,7195.6
671,2,2026-07-03,65.98,5223.0,55.44,1737.4,24.0,7983.4
672,2,2026-07-04,65.13,5249.2,54.47,1715.4,24.0,7248.6
673,2,2026-07-05,79.37,6476.8,51.77,2012.0,24.0,7711.8
674,2,2026-07-06,66.39,5116.5,54.2,1664.0,24.0,7852.2
675,2,2026-07-07,72.24,6076.3,54.4,1983.2,24.0,7984.4
676,2,2026-07-08,77.6,5977.9,53.71,1926.5,24.0,7517.0
677,2,2026-07-09,62.8,4820.5,50.91,1472.4,24.0,7655.5
678,2,2026-07-10,69.39,4765.1,52.55,1502.4,24.0,7875.7
679,2,2026-07-11,72.39,4649.4,53.74,1499.0,24.0,7472.3
680,2,2026-07-12,76.52,6078.5,53.17,1939.1,24.0,7483.7
681,2,2026-07-13,63.31,4960.1,53.68,1597.5,24.0,7425.6
682,2,2026-07-14,67.42,5291.7,54.22,1721.5,24.0,7495.2
683,2,2026-07-15,75.07,5336.1,54.83,1755.6,24.0,7301.8
684,2,2026-07-16,69.41,4766.6,54.17,1549.2,24.0,7921.8
685,2,2026-07-17,65.1,4206.5,55.27,1394.9,24.0,8099.6
686,2,2026-07-18,59.32,4581.3,53.18,1461.7,20.7,6908.5
687,2,2026-07-19,67.1,4730.2,53.97,1531.7,24.0,6989.2
688,2,2026-07-20,75.84,5123.8,53.73,1651.8,24.0,7668.4
689,2,2026-07-21,68.2,4915.5,54.0,1592.6,24.0,7466.7
690,2,2026-07-22,69.96,5916.2,53.63,1903.8,24.0,7399.6
691,2,2026-07-23,80.06,6152.6,55.93,2064.7,24.0,8114.9
692,2,2026-07-24,76.09,5236.5,53.18,1670.9,24.0,7580.4
693,2,2026-07-25,71.39,5074.2,52.6,1601.3,24.0,6973.3
694,2,2026-07-26,84.72,6043.3,53.42,1936.9,24.0,8101.4
695,2,2026-07-27,69.93,5731.9,54.47,1873.2,24.0,6966.3
696,2,2026-07-28,77.43,5487.9,52.79,1738.3,24.0,7196.8
697,2,2026-07-29,62.28,4345.4,54.98,1433.4,24.0,7613.1
698,2,2026-07-30,68.52,4938.0,54.66,1619.6,24.0,8063.7
699,2,2026-07-31,63.57,4943.5,55.09,1634.0,24.0,8027.7
700,2,2026-08-01,65.73,5381.8,54.39,1756.3,24.0,7851.9
701,2,2026-08-02,82.34,6475.7,52.68,2046.8,24.0,7327.9
702,2,2026-08-03,65.27,4759.6,54.22,1548.5,24.0,7372.3
703,2,2026-08-04,70.85,5435.5,52.76,1720.5,24.0,7667.9
704,2,2026-08-05,73.32,5640.3,54.25,1835.8,24.0,7994.8
705,2,2026-08-06,71.84,5977.0,50.02,1794.0,24.0,7448.6
706,2,2026-08-07,70.74,5299.9,53.36,1697.0,24.0,7338.6
707,2,2026-08-08,64.11,4515.3,55.76,1510.6,24.0,7540.7
708,2,2026-08-09,81.65,5628.1,52.87,1785.4,24.0,7974.9
709,2,2026-08-10,78.83,5525.2,52.47,1739.5,24.0,8138.8
710,2,2026-08-11,81.52,6351.2,54.51,2077.2,24.0,8084.5
711,2,2026-08-12,47.12,3417.7,53.43,1095.6,16.8,5249.2
712,2,2026-08-13,71.95,5186.5,55.17,1716.9,24.0,7029.3
713,2,2026-08-14,60.53,4760.1,55.64,1589.2,24.0,7919.9
714,2,2026-08-15,69.68,5131.1,54.67,1683.2,24.0,7780.1
715,2,2026-08-16,79.4,6270.4,55.04,2070.8,24.0,7484.5
716,2,2026-08-17,65.97,5110.3,53.54,1641.5,24.0,7795.6
717,2,2026-08-18,69.62,5098.2,53.99,1651.5,24.0,7570.1
718,2,2026-08-19,65.85,5242.6,53.55,1684.4,24.0,8210.8
719,2,2026-08-20,67.48,5817.4,52.36,1827.6,24.0,8133.6
720,2,2026-08-21,72.19,5625.9,53.96,1821.3,24.0,7037.5
721,2,2026-08-22,67.79,5545.4,53.25,1771.9,24.0,8397.7
722,2,2026-08-23,30.85,2248.6,54.09,729.7,11.7,3756.3
723,2,2026-08-24,56.8,4100.5,53.33,1312.0,24.0,8243.0
724,2,2026-08-25,66.79,5295.4,53.12,1687.9,24.0,7337.4
725,2,2026-08-26,71.94,6066.5,54.26,1975.0,24.0,7894.0
726,2,2026-08-27,76.55,5143.0,57.52,1774.8,24.0,7202.8
727,2,2026-08-28,65.58,4835.3,54.5,1581.1,24.0,7747.2
728,2,2026-08-29,65.0,4898.2,55.21,1622.7,24.0,8059.0
729,2,2026-08-30,61.21,4142.7,53.46,1328.7,24.0,8038.8
730,2,2026-08-31,67.46,5479.1,52.95,1740.8,24.0,7542.8
731,3,2025-09-01,119.15,9183.1,52.42,2888.4,24.0,8034.7
732,3,2025-09-02,128.66,10713.0,54.28,3489.0,24.0,7300.8
733,3,2025-09-03,125.85,10279.3,55.82,3443.0,24.0,8255.4
734,3,2025-09-04,107.71,8286.0,56.15,2791.6,24.0,8032.4
735,3,2025-09-05,125.61,10609.9,54.75,3485.3,24.0,7669.7
736,3,2025-09-06,128.97,10090.1,55.75,3374.9,24.0,7612.9
737,3,2025-09-07,115.2,8634.0,55.37,2868.4,24.0,7701.2
738,3,2025-09-08,129.58,8497.8,56.27,2869.0,24.0,7165.2
739,3,2025-09-09,118.04,8980.7,55.15,2971.6,24.0,7631.6
740,3,2025-09-10,122.31,8592.7,54.33,2800.9,24.0,7365.7
741,3,2025-09-11,118.57,8638.8,56.91,2949.8,24.0,7985.6
742,3,2025-09-12,124.96,8977.0,56.88,3063.6,24.0,7422.0
743,3,2025-09-13,115.7,7689.7,55.47,2559.3,24.0,7595.2
744,3,2025-09-14,111.73,7676.3,55.54,2558.1,24.0,7992.6
745,3,2025-09-15,115.74,8320.0,56.77,2834.1,24.0,7381.4
746,3,2025-09-16,117.68,9703.6,56.04,3262.7,24.0,7308.4
747,3,2025-09-17,110.82,8370.4,55.14,2769.1,24.0,7586.8
748,3,2025-09-18,111.61,9094.7,55.79,3044.3,24.0,6975.3
749,3,2025-09-19,119.86,8337.4,55.78,2790.2,24.0,7476.9
750,3,2025-09-20,112.92,8769.4,54.24,2853.8,24.0,7506.2
751,3,2025-09-21,133.2,11447.5,56.52,3882.4,24.0,7685.2
752,3,2025-09-22,129.17,9377.6,56.78,3194.9,24.0,7779.9
753,3,2025-09-23,129.19,9838.8,57.65,3403.1,24.0,7631.5
754,3,2025-09-24,116.91,8002.2,58.1,2789.3,24.0,7456.9
755,3,2025-09-25,114.02,8695.0,54.8,2859.1,24.0,7138.2
756,3,2025-09-26,132.7,10140.5,55.13,3354.5,24.0,7654.1
757,3,2025-09-27,126.92,9624.3,56.7,3274.3,24.0,7680.4
758,3,2025-09-28,61.64,4738.4,57.86,1645.1,12.9,4157.1
759,3,2025-09-29,84.56,6143.2,56.94,2098.8,15.9,5044.1
760,3,2025-09-30,127.56,10948.0,55.17,3623.9,24.0,7553.0
761,3,2025-10-01,122.92,9366.7,55.2,3102.3,24.0,8519.1
762,3,2025-10-02,138.9,10036.1,56.61,3408.6,24.0,7245.7
763,3,2025-10-03,132.08,9725.8,56.25,3282.6,24.0,7078.8
764,3,2025-10-04,90.05,6359.9,55.94,2134.7,17.0,5690.2
765,3,2025-10-05,122.76,10144.6,56.38,3431.9,24.0,7327.0
766,3,2025-10-06,105.46,7727.4,55.92,2592.6,24.0,7975.2
767,3,2025-10-07,119.93,8446.4,55.29,2802.1,24.0,7604.1
768,3,2025-10-08,122.46,9968.5,56.81,3398.1,24.0,8223.8
769,3,2025-10-09,100.98,6552.4,56.22,2210.1,20.5,6759.4
770,3,2025-10-10,115.89,8463.0,58.11,2950.9,24.0,8182.9
771,3,2025-10-11,113.15,7818.2,56.13,2633.2,24.0,7232.2
772,3,2025-10-12,106.72,8086.2,52.52,2547.9,24.0,7730.3
773,3,2025-10-13,127.57,9023.8,58.66,3175.9,24.0,7601.6
774,3,2025-10-14,122.2,9953.5,58.03,3465.4,24.0,7895.3
775,3,2025-10-15,109.03,8013.8,54.57,2623.6,24.0,8019.5
776,3,2025-10-16,134.7,9949.1,54.22,3236.8,24.0,7816.6
777,3,2025-10-17,123.09,10019.1,55.25,3321.1,24.0,8121.2
778,3,2025-10-18,113.26,8369.5,54.37,2730.5,24.0,7768.8
779,3,2025-10-19,113.4,8508.0,55.65,2840.7,24.0,7349.1
780,3,2025-10-20,118.88,9283.9,57.07,3178.9,24.0,8026.0
781,3,2025-10-21,126.16,9756.2,56.11,3284.7,24.0,8061.5
782,3,2025-10-22,134.78,11460.5,57.28,3938.9,24.0,8206.1
783,3,2025-10-23,88.4,6633.7,56.85,2262.6,24.0,7327.7
784,3,2025-10-24,121.79,8632.2,54.56,2826.0,24.0,7502.5
785,3,2025-10-25,118.77,8713.0,56.53,2955.4,24.0,7302.9
786,3,2025-10-26,111.76,8538.4,55.01,2818.3,24.0,8033.8
787,3,2025-10-27,90.98,7376.1,54.76,2423.5,19.6,6034.6
788,3,2025-10-28,94.03,6738.9,55.77,2255.0,24.0,7991.7
789,3,2025-10-29,121.62,8467.5,57.46,2919.2,24.0,7914.8
790,3,2025-10-30,138.61,10020.2,54.25,3261.6,24.0,7040.8
791,3,2025-10-31,112.56,8069.9,56.41,2731.2,24.0,7599.4
792,3,2025-11-01,114.58,9361.2,55.6,3122.8,24.0,7204.2
793,3,2025-11-02,132.73,9205.0,57.85,3194.9,24.0,7455.7
794,3,2025-11-03,114.47,8691.8,56.38,2940.1,24.0,7532.4
795,3,2025-11-04,119.84,9976.6,56.0,3352.1,24.0,7432.4
796,3,2025-11-05,138.62,11316.3,55.61,3775.6,24.0,7700.1
797,3,2025-11-06,88.45,6413.1,57.32,2205.7,24.0,7983.5
798,3,2025-11-07,128.67,9384.1,56.25,3167.3,24.0,8263.9
799,3,2025-11-08,128.23,10176.7,56.15,3428.7,24.0,7764.6
800,3,2025-11-09,136.53,9547.3,53.62,3071.7,24.0,7829.1
801,3,2025-11-10,71.26,5227.8,54.08,1696.3,15.9,5194.9
802,3,2025-11-11,107.41,8360.7,53.43,2680.4,24.0,7514.0
803,3,2025-11-12,120.6,9303.2,55.56,3101.3,24.0,8026.9
804,3,2025-11-13,131.66,9927.6,56.03,3337.7,24.0,7485.4
805,3,2025-11-14,105.71,7751.6,53.99,2511.0,24.0,7710.6
806,3,2025-11-15,121.71,8045.2,54.24,2618.4,24.0,7312.1
807,3,2025-11-16,127.47,10781.7,55.16,3568.3,24.0,7785.1
808,3,2025-11-17,109.04,7365.3,56.09,2478.7,24.0,7823.8
809,3,2025-11-18,102.87,7619.2,54.6,2496.1,24.0,7318.3
810,3,2025-11-19,112.95,7912.6,55.91,2654.3,24.0,7910.7
811,3,2025-11-20,123.03,9452.7,54.73,3104.3,24.0,7789.5
812,3,2025-11-21,111.57,8392.3,57.83,2912.0,24.0,8457.7
813,3,2025-11-22,127.7,9487.5,56.91,3239.7,24.0,7953.5
814,3,2025-11-23,121.4,9160.8,56.26,3092.1,24.0,8047.9
815,3,2025-11-24,110.75,8311.6,55.9,2787.7,24.0,7593.6
816,3,2025-11-25,120.02,8664.2,55.88,2904.7,24.0,8037.4
817,3,2025-11-26,128.5,10879.8,56.0,3655.6,24.0,8032.9
818,3,2025-11-27,135.01,9955.9,53.56,3199.3,24.0,8327.5
819,3,2025-11-28,126.39,9465.1,55.95,3177.5,24.0,7520.8
820,3,2025-11-29,122.46,9771.8,58.73,3443.5,24.0,7476.2
821,3,2025-11-30,117.84,7873.3,55.42,2617.9,24.0,7623.7
822,3,2025-12-01,117.26,8390.6,57.68,2904.1,24.0,7851.5
823,3,2025-12-02,102.68,7253.0,57.55,2504.3,19.9,6727.7
824,3,2025-12-03,136.21,9474.0,54.4,3092.5,24.0,7755.0
825,3,2025-12-04,124.76,8596.5,57.4,2960.6,24.0,7951.6
826,3,2025-12-05,48.58,3378.5,55.44,1123.9,10.0,3183.8
827,3,2025-12-06,115.0,8367.0,55.32,2777.1,24.0,7417.7
828,3,2025-12-07,119.79,7974.4,54.61,2613.1,24.0,8081.5
829,3,2025-12-08,134.57,9316.6,54.6,3052.2,24.0,7516.8
830,3,2025-12-09,109.02,7108.5,55.4,2362.8,24.0,8042.1
831,3,2025-12-10,104.49,6510.8,56.79,2218.4,24.0,8054.6
832,3,2025-12-11,125.07,7804.8,54.01,2529.2,24.0,7857.2
833,3,2025-12-12,117.96,6868.7,55.17,2273.5,24.0,7445.9
834,3,2025-12-13,118.51,8173.5,58.17,2852.8,24.0,7543.6
835,3,2025-12-14,113.34,6856.7,56.55,2326.7,24.0,7922.0
836,3,2025-12-15,118.11,8187.6,55.81,2741.5,24.0,7589.5
837,3,2025-12-16,99.74,6751.2,53.94,2185.0,20.7,6369.1
838,3,2025-12-17,105.27,6986.9,55.96,2345.8,24.0,8023.7
839,3,2025-12-18,139.99,10075.6,56.36,3407.0,24.0,8084.6
840,3,2025-12-19,135.12,9646.7,57.42,3323.7,24.0,7851.2
841,3,2025-12-20,97.11,6771.4,54.08,2197.1,17.6,5554.1
842,3,2025-12-21,125.91,8684.7,55.45,2889.4,24.0,7659.7
843,3,2025-12-22,115.27,8005.2,55.14,2648.4,24.0,7290.1
844,3,2025-12-23,85.56,6113.5,55.17,2023.5,15.7,5227.2
845,3,2025-12-24,124.3,8163.2,56.52,2768.1,24.0,8010.5
846,3,2025-12-25,138.82,11252.2,54.95,3710.0,24.0,7797.6
847,3,2025-12-26,128.49,8645.9,54.59,2831.7,24.0,8121.5
848,3,2025-12-27,118.01,7247.1,55.23,2401.6,24.0,7583.5
849,3,2025-12-28,126.57,8348.5,57.27,2868.7,24.0,7586.4
850,3,2025-12-29,115.94,6353.4,54.81,2089.2,24.0,7433.9
851,3,2025-12-30,96.96,6914.8,56.39,2339.5,19.1,5431.8
852,3,2025-12-31,130.04,8436.7,54.59,2763.3,24.0,7478.6
853,3,2026-01-01,114.58,7808.1,55.76,2612.4,24.0,8432.5
854,3,2026-01-02,119.68,8533.3,54.59,2795.2,24.0,7479.8
855,3,2026-01-03,127.53,8845.1,54.62,2898.7,24.0,7725.6
856,3,2026-01-04,114.81,6835.5,57.42,2355.0,24.0,7971.1
857,3,2026-01-05,123.37,7819.6,56.51,2651.3,24.0,6881.6
858,3,2026-01-06,127.46,8183.9,56.55,2776.8,24.0,7602.6
859,3,2026-01-07,119.73,7033.2,57.53,2427.9,24.0,7458.8
860,3,2026-01-08,131.03,9084.5,55.35,3016.8,24.0,8101.1
861,3,2026-01-09,118.22,7689.1,54.09,2495.5,24.0,6579.3
862,3,2026-01-10,66.76,4751.2,55.5,1582.0,13.2,4289.0
863,3,2026-01-11,117.25,7841.5,55.59,2615.6,24.0,7769.9
864,3,2026-01-12,120.76,7867.1,57.02,2691.3,24.0,8025.4
865,3,2026-01-13,116.34,7570.6,54.54,2477.4,24.0,7288.9
866,3,2026-01-14,134.97,9568.1,54.79,3145.2,24.0,8412.1
867,3,2026-01-15,115.24,7299.1,55.39,2425.7,24.0,7938.1
868,3,2026-01-16,128.09,8720.7,57.66,3016.8,24.0,7641.4
869,3,2026-01-17,90.99,6004.6,55.72,2007.6,17.3,5397.2
870,3,2026-01-18,133.51,9518.2,56.07,3202.3,24.0,8181.0
871,3,2026-01-19,123.92,7965.2,54.8,2619.0,24.0,8221.7
872,3,2026-01-20,111.52,7608.7,55.95,2554.1,24.0,7432.1
873,3,2026-01-21,120.03,7420.4,53.32,2373.9,24.0,6895.6
874,3,2026-01-22,115.41,7350.7,57.22,2523.6,24.0,7434.9
875,3,2026-01-23,125.97,8643.1,55.69,2887.8,24.0,7409.6
876,3,2026-01-24,123.35,8256.9,55.06,2727.5,24.0,7231.0
877,3,2026-01-25,117.07,8096.0,55.34,2688.4,24.0,8399.9
878,3,2026-01-26,131.35,8777.0,55.35,2914.8,24.0,6925.7
879,3,2026-01-27,116.62,7742.9,56.99,2647.6,24.0,8571.4
880,3,2026-01-28,119.36,7908.1,56.9,2700.0,24.0,7535.9
881,3,2026-01-29,119.93,7991.7,55.55,2663.6,24.0,7371.0
882,3,2026-01-30,146.61,9850.1,55.93,3305.5,24.0,7807.1
883,3,2026-01-31,87.51,7049.9,58.88,2490.5,24.0,7627.7
884,3,2026-02-01,98.6,6496.7,53.75,2095.1,20.1,6949.1
885,3,2026-02-02,115.14,7507.9,56.04,2524.5,24.0,7886.9
886,3,2026-02-03,60.41,4368.5,54.41,1426.1,11.2,3459.7
887,3,2026-02-04,129.48,9418.8,58.12,3284.3,24.0,7210.7
888,3,2026-02-05,133.84,8475.5,55.14,2804.0,24.0,7293.9
889,3,2026-02-06,130.79,9128.3,55.85,3059.1,24.0,7454.5
890,3,2026-02-07,121.43,8302.7,54.65,2722.5,24.0,8558.4
891,3,2026-02-08,109.49,6682.8,55.69,2233.0,19.1,6604.3
892,3,2026-02-09,126.49,9423.0,55.28,3125.4,24.0,7496.5
893,3,2026-02-10,120.83,8548.8,55.57,2850.1,24.0,7366.3
894,3,2026-02-11,108.78,7427.4,54.5,2428.9,24.0,7332.7
895,3,2026-02-12,126.68,8020.0,56.51,2719.3,24.0,7859.4
896,3,2026-02-13,120.15,8016.6,55.85,2686.2,24.0,8048.7
897,3,2026-02-14,136.12,9112.1,58.51,3199.0,24.0,8012.6
898,3,2026-02-15,65.05,3936.5,54.13,1278.6,11.7,3877.5
899,3,2026-02-16,126.9,7751.8,53.77,2500.7,24.0,8205.7
900,3,2026-02-17,106.6,7041.1,55.9,2361.8,24.0,7583.3
901,3,2026-02-18,101.03,7069.2,56.65,2402.7,24.0,7492.2
902,3,2026-02-19,122.7,8266.6,54.45,2700.6,24.0,8078.3
903,3,2026-02-20,103.5,6608.1,56.5,2240.2,20.5,6782.3
904,3,2026-02-21,75.48,5257.8,57.58,1816.4,17.2,5796.5
905,3,2026-02-22,69.44,4750.0,53.55,1526.2,14.0,4608.4
906,3,2026-02-23,123.09,8146.4,55.22,2699.1,24.0,8145.3
907,3,2026-02-24,128.03,9445.1,57.58,3263.0,24.0,7985.5
908,3,2026-02-25,132.94,9452.2,55.53,3149.1,24.0,6711.5
909,3,2026-02-26,126.51,9146.9,56.71,3112.2,24.0,7740.0
910,3,2026-02-27,133.21,8127.6,56.35,2748.0,24.0,7851.3
911,3,2026-02-28,127.81,8783.9,55.62,2931.4,24.0,6770.2
912,3,2026-03-01,128.66,10897.5,56.1,3667.9,24.0,7672.5
913,3,2026-03-02,131.23,9901.3,53.82,3197.5,24.0,7685.6
914,3,2026-03-03,113.29,8513.2,55.29,2824.1,24.0,7346.4
915,3,2026-03-04,119.11,8892.9,56.72,3026.2,24.0,7483.9
916,3,2026-03-05,122.79,8830.6,56.16,2975.6,24.0,7791.1
917,3,2026-03-06,121.51,9236.5,54.56,3023.7,24.0,7449.3
918,3,2026-03-07,123.93,9450.3,56.71,3215.6,24.0,7671.6
919,3,2026-03-08,112.09,7670.1,54.61,2513.4,24.0,7477.0
920,3,2026-03-09,70.24,5431.6,55.21,1799.2,13.3,4399.1
921,3,2026-03-10,109.1,8487.0,55.83,2842.9,24.0,7866.6
922,3,2026-03-11,118.2,9580.1,54.17,3113.8,24.0,7594.3
923,3,2026-03-12,132.01,10577.6,53.56,3399.1,24.0,6910.0
924,3,2026-03-13,111.59,7164.0,56.98,2449.4,24.0,7654.5
925,3,2026-03-14,115.24,9286.4,57.12,3182.7,24.0,7669.5
926,3,2026-03-15,109.26,7941.0,55.06,2623.2,24.0,7371.0
927,3,2026-03-16,108.35,7586.3,56.07,2552.0,24.0,7677.4
928,3,2026-03-17,116.61,8538.6,57.24,2932.7,24.0,7153.3
929,3,2026-03-18,89.68,6435.0,54.83,2117.2,17.6,5319.7
930,3,2026-03-19,127.39,9776.6,54.05,3170.6,24.0,7490.1
931,3,2026-03-20,115.18,9139.6,53.24,2919.3,24.0,7296.5
932,3,2026-03-21,126.27,10592.9,57.21,3636.1,24.0,7487.1
933,3,2026-03-22,125.06,9454.1,56.75,3218.9,24.0,8011.4
934,3,2026-03-23,128.49,9201.3,57.08,3151.2,24.0,6920.8
935,3,2026-03-24,107.72,7987.5,55.33,2651.9,24.0,7267.6
936,3,2026-03-25,112.38,8192.7,57.85,2843.7,24.0,7357.5
937,3,2026-03-26,130.88,10827.7,55.38,3597.9,24.0,7975.8
938,3,2026-03-27,126.6,10240.8,56.23,3455.0,24.0,7845.7
939,3,2026-03-28,113.21,9534.7,55.76,3190.0,24.0,7402.5
940,3,2026-03-29,126.63,9071.1,56.49,3074.4,24.0,7411.7
941,3,2026-03-30,124.22,9852.3,56.78,3356.7,24.0,7736.3
942,3,2026-03-31,102.81,7676.4,56.57,2605.7,24.0,7562.9
943,3,2026-04-01,100.57,7648.8,55.6,2551.8,24.0,7977.8
944,3,2026-04-02,142.23,11836.5,52.25,3711.0,24.0,7565.6
945,3,2026-04-03,129.26,9840.0,56.39,3329.5,24.0,7545.9
946,3,2026-04-04,137.93,10710.4,56.75,3646.8,24.0,7446.3
947,3,2026-04-05,133.05,10663.2,55.99,3582.4,24.0,7603.3
948,3,2026-04-06,115.76,8378.0,56.3,2830.2,24.0,7961.7
949,3,2026-04-07,122.04,8252.5,55.9,2767.9,24.0,7888.6
950,3,2026-04-08,131.88,9671.9,57.2,3319.4,24.0,7950.0
951,3,2026-04-09,116.97,10161.3,56.52,3446.0,24.0,7236.5
952,3,2026-04-10,112.38,9527.3,55.63,3179.7,24.0,7650.7
953,3,2026-04-11,122.54,9077.7,55.62,3029.4,24.0,7782.0
954,3,2026-04-12,114.32,7418.2,54.74,2436.4,24.0,7279.5
955,3,2026-04-13,114.68,9007.4,56.65,3061.5,24.0,8254.9
956,3,2026-04-14,139.13,11181.0,56.14,3766.2,24.0,7215.6
957,3,2026-04-15,124.8,8445.6,56.85,2880.7,24.0,7858.1
958,3,2026-04-16,121.12,8404.7,56.63,2855.9,24.0,7615.0
959,3,2026-04-17,119.54,9532.7,57.09,3265.3,24.0,8414.3
960,3,2026-04-18,125.46,8982.6,55.56,2994.4,24.0,7690.4
961,3,2026-04-19,101.6,7751.7,55.78,2594.2,24.0,8006.5
962,3,2026-04-20,110.22,8238.3,55.87,2761.8,24.0,7513.0
963,3,2026-04-21,127.35,9783.8,54.44,3196.0,24.0,7796.8
964,3,2026-04-22,120.22,9370.3,55.56,3123.6,24.0,7694.7
965,3,2026-04-23,116.49,8155.8,57.54,2815.8,24.0,7622.2
966,3,2026-04-24,117.96,8505.9,55.05,2809.4,24.0,7163.4
967,3,2026-04-25,122.45,8926.0,55.12,2952.2,24.0,7498.7
968,3,2026-04-26,112.24,8580.9,54.66,2813.9,24.0,7951.3
969,3,2026-04-27,105.39,7348.6,55.19,2433.5,24.0,8138.0
970,3,2026-04-28,121.06,9403.8,54.24,3060.4,24.0,7386.6
971,3,2026-04-29,120.63,8160.9,55.05,2695.4,24.0,7767.0
972,3,2026-04-30,113.84,8664.0,56.73,2948.9,24.0,7468.4
973,3,2026-05-01,110.79,7188.5,57.76,2491.2,24.0,7458.1
974,3,2026-05-02,54.6,4071.1,56.7,1384.9,10.1,3322.8
975,3,2026-05-03,116.98,8714.8,55.36,2894.6,24.0,7041.0
976,3,2026-05-04,132.38,8913.1,56.17,3004.0,24.0,8237.9
977,3,2026-05-05,116.09,9225.1,54.89,3038.3,24.0,7986.1
978,3,2026-05-06,113.88,8598.6,53.96,2783.8,24.0,8222.7
979,3,2026-05-07,138.78,12385.9,55.69,4138.6,24.0,7510.6
980,3,2026-05-08,135.27,10251.9,54.72,3365.8,24.0,7712.2
981,3,2026-05-09,121.33,8111.3,55.07,2680.1,21.9,6294.0
982,3,2026-05-10,110.33,8438.2,56.5,2860.8,24.0,7359.0
983,3,2026-05-11,118.96,8954.8,54.06,2904.3,24.0,7686.8
984,3,2026-05-12,117.35,10132.6,55.72,3387.7,24.0,7636.6
985,3,2026-05-13,110.85,8369.1,53.32,2677.3,24.0,7235.6
986,3,2026-05-14,118.54,8171.6,57.27,2807.9,24.0,7216.2
987,3,2026-05-15,108.38,8058.3,55.31,2674.1,24.0,7507.8
988,3,2026-05-16,112.64,7730.7,55.4,2569.6,24.0,7269.8
989,3,2026-05-17,104.26,7084.1,55.83,2372.9,24.0,7668.4
990,3,2026-05-18,130.42,9307.3,55.45,3096.6,24.0,7972.8
991,3,2026-05-19,107.31,7632.1,55.78,2554.2,19.2,5776.9
992,3,2026-05-20,114.24,8626.3,59.47,3077.8,24.0,8029.6
993,3,2026-05-21,114.39,8248.5,57.24,2832.7,24.0,7891.7
994,3,2026-05-22,119.11,9245.9,55.54,3081.2,24.0,8377.7
995,3,2026-05-23,124.55,9589.7,55.42,3189.0,24.0,7567.6
996,3,2026-05-24,122.66,8753.1,55.58,2918.9,24.0,7285.0
997,3,2026-05-25,125.69,8987.9,56.58,3051.2,24.0,7781.9
998,3,2026-05-26,105.79,7547.5,54.41,2463.9,21.0,6884.7
999,3,2026-05-27,119.13,8389.6,54.74,2755.4,24.0,7209.0
1000,3,2026-05-28,124.79,9906.3,55.37,3291.1,24.0,8245.3
1001,3,2026-05-29,110.81,8201.0,55.63,2737.1,24.0,7287.4
1002,3,2026-05-30,121.02,9008.3,57.18,3090.3,24.0,7506.5
1003,3,2026-05-31,134.13,9818.0,58.59,3451.6,24.0,7885.1
1004,3,2026-06-01,129.82,9549.1,58.06,3326.8,24.0,7329.5
1005,3,2026-06-02,119.53,9235.2,55.32,3065.6,24.0,7384.2
1006,3,2026-06-03,119.91,8017.2,55.33,2661.5,24.0,7554.6
1007,3,2026-06-04,117.78,8488.7,54.29,2764.9,24.0,7521.4
1008,3,2026-06-05,124.34,9346.7,57.04,3198.6,24.0,7917.7
1009,3,2026-06-06,118.69,9282.3,56.52,3147.9,24.0,7703.5
1010,3,2026-06-07,66.61,4597.4,57.72,1592.3,14.5,4933.3
1011,3,2026-06-08,108.57,7173.9,53.13,2286.9,24.0,7300.5
1012,3,2026-06-09,117.54,8392.4,53.25,2681.1,24.0,7854.1
1013,3,2026-06-10,126.83,9274.0,53.67,2986.6,24.0,8024.7
1014,3,2026-06-11,117.46,9122.2,57.86,3166.8,24.0,7959.7
1015,3,2026-06-12,118.32,9055.0,56.9,3091.6,24.0,7602.3
1016,3,2026-06-13,97.97,7406.5,55.42,2462.9,24.0,7535.8
1017,3,2026-06-14,130.16,10637.1,56.34,3595.8,24.0,8186.8
1018,3,2026-06-15,119.03,8656.1,57.4,2981.2,24.0,7887.3
1019,3,2026-06-16,100.72,7912.0,57.02,2706.8,24.0,8094.3
1020,3,2026-06-17,69.24,5495.5,57.88,1908.5,14.4,4615.9
1021,3,2026-06-18,110.33,8351.3,55.69,2790.7,24.0,7027.9
1022,3,2026-06-19,121.43,9698.4,55.22,3213.4,24.0,7098.8
1023,3,2026-06-20,91.05,6518.8,55.49,2170.4,24.0,7944.7
1024,3,2026-06-21,133.85,10020.9,54.44,3273.3,24.0,8208.1
1025,3,2026-06-22,128.8,8745.0,55.8,2927.8,24.0,7915.0
1026,3,2026-06-23,133.82,9837.2,55.64,3284.0,24.0,8021.3
1027,3,2026-06-24,115.84,8068.4,56.97,2757.8,24.0,7424.8
1028,3,2026-06-25,122.12,9189.9,56.89,3136.6,24.0,7674.0
1029,3,2026-06-26,123.66,8418.2,52.89,2671.6,24.0,7681.8
1030,3,2026-06-27,121.71,9105.0,55.42,3027.6,24.0,7956.7
1031,3,2026-06-28,114.51,8809.3,55.17,2916.1,24.0,7319.4
1032,3,2026-06-29,49.15,3418.9,56.65,1162.0,11.7,3766.3
1033,3,2026-06-30,98.88,7614.8,57.79,2640.3,24.0,7838.8
1034,3,2026-07-01,121.44,9279.8,55.25,3076.2,24.0,8278.6
1035,3,2026-07-02,126.14,10201.0,56.24,3441.9,24.0,7524.6
1036,3,2026-07-03,122.06,8744.1,56.42,2960.3,24.0,7322.5
1037,3,2026-07-04,134.37,9964.7,54.53,3260.1,24.0,8557.5
1038,3,2026-07-05,131.88,10844.2,56.55,3679.1,24.0,7090.3
1039,3,2026-07-06,117.51,9069.1,56.78,3089.9,24.0,7969.1
1040,3,2026-07-07,110.26,8074.3,56.31,2727.9,24.0,7633.3
1041,3,2026-07-08,127.59,8850.3,56.04,2975.6,24.0,7617.1
1042,3,2026-07-09,126.03,9468.2,57.48,3265.2,24.0,7957.8
1043,3,2026-07-10,104.93,8348.5,56.26,2818.1,24.0,7132.8
1044,3,2026-07-11,112.54,7913.6,53.59,2544.6,24.0,8125.8
1045,3,2026-07-12,125.88,9533.8,53.06,3035.2,24.0,7680.6
1046,3,2026-07-13,121.8,8584.0,56.88,2929.5,24.0,7687.6
1047,3,2026-07-14,115.77,8633.9,54.69,2833.0,24.0,8144.7
1048,3,2026-07-15,123.16,10273.6,55.48,3419.8,24.0,7436.1
1049,3,2026-07-16,124.21,8411.9,57.33,2893.8,24.0,7599.9
1050,3,2026-07-17,118.63,8742.8,55.4,2905.9,24.0,7447.1
1051,3,2026-07-18,111.23,9210.1,56.02,3095.6,24.0,7573.0
1052,3,2026-07-19,125.32,9221.6,56.31,3115.4,24.0,7275.5
1053,3,2026-07-20,132.13,9262.9,55.11,3062.9,24.0,7504.1
1054,3,2026-07-21,116.22,8254.1,56.19,2782.9,24.0,7365.4
1055,3,2026-07-22,118.51,7695.0,55.4,2557.8,24.0,7859.1
1056,3,2026-07-23,99.91,7595.7,57.69,2629.1,24.0,8332.1
1057,3,2026-07-24,116.05,8908.1,55.68,2976.0,24.0,7180.1
1058,3,2026-07-25,95.98,7035.9,57.03,2407.5,20.4,6748.2
1059,3,2026-07-26,120.44,8609.5,55.8,2882.7,24.0,7881.8
1060,3,2026-07-27,139.94,10051.2,54.66,3296.2,24.0,7464.7
1061,3,2026-07-28,110.09,8608.9,56.54,2920.6,24.0,7488.5
1062,3,2026-07-29,118.4,8903.7,53.81,2874.6,24.0,7999.0
1063,3,2026-07-30,113.76,8694.3,58.61,3057.2,24.0,7296.9
1064,3,2026-07-31,128.01,9203.8,59.55,3288.7,24.0,7984.1
1065,3,2026-08-01,109.89,8226.6,54.28,2679.2,24.0,8084.2
1066,3,2026-08-02,129.16,10123.5,57.74,3507.2,24.0,7980.3
1067,3,2026-08-03,114.39,8801.6,55.44,2927.8,24.0,7886.7
1068,3,2026-08-04,108.79,7130.5,56.0,2395.7,22.8,7220.0
1069,3,2026-08-05,122.67,7963.3,54.24,2591.8,24.0,8036.2
1070,3,2026-08-06,106.74,8173.7,56.29,2760.8,24.0,7574.0
1071,3,2026-08-07,118.77,9040.4,55.15,2991.5,24.0,7808.2
1072,3,2026-08-08,75.97,5212.7,54.57,1706.8,15.9,5563.1
1073,3,2026-08-09,127.71,9252.9,57.12,3171.0,24.0,7792.6
1074,3,2026-08-10,128.87,9821.7,54.88,3234.1,24.0,7228.8
1075,3,2026-08-11,120.77,8732.0,55.24,2894.1,24.0,8066.1
1076,3,2026-08-12,118.73,7916.1,57.29,2721.0,24.0,7273.9
1077,3,2026-08-13,120.58,8514.5,57.14,2919.0,24.0,7425.1
1078,3,2026-08-14,128.74,9863.8,54.65,3234.2,24.0,7805.1
1079,3,2026-08-15,108.38,8252.8,57.17,2831.0,24.0,6993.3
1080,3,2026-08-16,110.29,8879.8,54.84,2921.9,24.0,6747.5
1081,3,2026-08-17,127.53,10789.9,57.02,3691.4,24.0,7866.9
1082,3,2026-08-18,123.71,9214.1,56.3,3112.4,24.0,7830.9
1083,3,2026-08-19,123.8,9624.1,56.25,3247.9,24.0,7657.1
1084,3,2026-08-20,110.83,7142.7,54.76,2347.0,24.0,7741.3
1085,3,2026-08-21,126.16,9516.8,58.14,3319.8,24.0,7769.4
1086,3,2026-08-22,111.38,8291.6,54.46,2709.2,24.0,7430.5
1087,3,2026-08-23,105.84,8006.1,54.51,2618.6,24.0,7594.5
1088,3,2026-08-24,101.28,7152.0,55.26,2371.5,24.0,8275.7
1089,3,2026-08-25,114.51,8928.7,56.38,3020.6,24.0,7511.6
1090,3,2026-08-26,132.83,9711.6,56.79,3309.1,24.0,8057.5
1091,3,2026-08-27,126.81,10398.3,57.76,3603.8,24.0,7319.1
1092,3,2026-08-28,142.71,12227.2,54.85,4023.6,24.0,7504.8
1093,3,2026-08-29,124.18,10248.5,54.32,3340.3,24.0,6822.0
1094,3,2026-08-30,95.22,7554.2,55.4,2511.1,24.0,7641.6
1095,3,2026-08-31,134.91,9633.7,58.6,3387.5,24.0,7414.1
