plant_name,month,cbg_tonnes,mom_change_pct,ma3_tonnes
"Green Valley CBG",2025-09,70.9,NULL,70.9
"Green Valley CBG",2025-10,73.3,3.4,72.1
"Green Valley CBG",2025-11,70,-4.6,71.4
"Green Valley CBG",2025-12,66.1,-5.6,69.8
"Green Valley CBG",2026-01,64.8,-1.9,67
"Green Valley CBG",2026-02,59.8,-7.8,63.5
"Green Valley CBG",2026-03,73.7,23.4,66.1
"Green Valley CBG",2026-04,72,-2.3,68.5
"Green Valley CBG",2026-05,73.8,2.4,73.2
"Green Valley CBG",2026-06,71.1,-3.7,72.3
"Green Valley CBG",2026-07,69.1,-2.8,71.3
"Green Valley CBG",2026-08,73.1,5.8,71.1
"Malwa Renewables",2025-09,89.8,NULL,89.8
"Malwa Renewables",2025-10,90.7,1.1,90.3
"Malwa Renewables",2025-11,89.5,-1.3,90
"Malwa Renewables",2025-12,81.1,-9.4,87.1
"Malwa Renewables",2026-01,82.3,1.4,84.3
"Malwa Renewables",2026-02,71.9,-12.6,78.4
"Malwa Renewables",2026-03,92.3,28.4,82.2
"Malwa Renewables",2026-04,90.9,-1.6,85
"Malwa Renewables",2026-05,89.6,-1.4,90.9
"Malwa Renewables",2026-06,83.6,-6.7,88
"Malwa Renewables",2026-07,92.8,11,88.7
"Malwa Renewables",2026-08,92.1,-0.8,89.5
"Sahyadri BioEnergy",2025-09,49.4,NULL,49.4
"Sahyadri BioEnergy",2025-10,51.2,3.7,50.3
"Sahyadri BioEnergy",2025-11,48.7,-5,49.8
"Sahyadri BioEnergy",2025-12,46.6,-4.2,48.8
"Sahyadri BioEnergy",2026-01,48.4,3.8,47.9
"Sahyadri BioEnergy",2026-02,41.9,-13.5,45.6
"Sahyadri BioEnergy",2026-03,54.3,29.7,48.2
"Sahyadri BioEnergy",2026-04,50.9,-6.2,49
"Sahyadri BioEnergy",2026-05,52.2,2.6,52.5
"Sahyadri BioEnergy",2026-06,48.5,-7.2,50.5
"Sahyadri BioEnergy",2026-07,52.4,8,51
"Sahyadri BioEnergy",2026-08,51.8,-1,50.9
